OpenTime,OpenPoint,OpenHV,CloseTime,ClosePoint,CloseHV,ProfitRate
2022-02-15 09:45:00,4567.3712,0.11910631786821496,2022-02-15 10:00:00,4579.9273,0.11615793674346821,-0.02651481665719206
2022-02-15 10:15:00,4584.9027,0.11769061666296837,2022-02-15 11:00:00,4590.6315,0.11448513279516873,-0.026953451359632587
2022-02-15 11:15:00,4590.7763,0.11412619777701631,2022-02-15 13:30:00,4583.4496,0.11022737097240712,-0.03333891594224965
2022-02-15 13:45:00,4584.6039,0.11017681908952222,2022-02-15 14:15:00,4577.4046,0.10791697739092745,-0.019291238269149236
2022-02-15 14:30:00,4585.131,0.10602506794417665,2022-02-16 13:15:00,4626.3134,0.10623204428695622,0.02830424025469206
2022-02-16 13:30:00,4621.2809,0.10556070520140916,2022-02-17 09:45:00,4612.3462,0.10471023459766844,-0.02911192733336605
2022-02-17 10:00:00,4625.8763,0.10399198598991757,2022-02-17 11:15:00,4648.4325,0.105602003870086,0.036377448878985655
2022-02-17 11:30:00,4646.491,0.10560323280995053,2022-02-17 14:00:00,4637.4394,0.10823129324895073,0.02664124636519204
2022-02-17 14:15:00,4628.2983,0.10808965538127852,2022-02-17 14:30:00,4628.5343,0.1081479612893316,0.0006736120589809817
2022-02-17 14:45:00,4628.0363,0.10653420967717994,2022-02-17 15:00:00,4629.1649,0.1063492087143696,-0.0021291789320213427
2022-02-18 09:45:00,4605.4734,0.10947045257627058,2022-02-18 10:15:00,4624.0708,0.10855525408982739,0.0009025792444022368
2022-02-18 10:30:00,4619.0258,0.10572595898049168,2022-02-18 11:00:00,4620.4253,0.10379918596736896,-0.02308251277843897
2022-02-18 11:15:00,4615.8038,0.10321784461722427,2022-02-18 13:30:00,4631.8497,0.10255835598973088,0.0013581437785681147
2022-02-18 13:45:00,4636.4865,0.1016871402632601,2022-02-18 14:15:00,4635.8074,0.10053030383757089,-0.01140492377253748
2022-02-18 14:30:00,4637.6595,0.0997614451429645,2022-02-21 09:45:00,4630.9708,0.09848554481279959,-0.06935026496300246
2022-02-21 10:00:00,4627.0428,0.09911213669875268,2022-02-21 10:15:00,4630.5813,0.09815777487994515,-0.011923785400081236
2022-02-21 10:30:00,4623.991,0.09692745596781774,2022-02-21 10:45:00,4623.8236,0.09591302600476673,-0.01369915403985041
2022-02-21 11:00:00,4617.709,0.09566861444342467,2022-02-21 13:15:00,4629.227,0.09486935259304549,-0.004183663363847528
2022-02-21 13:30:00,4632.9183,0.09435212727247815,2022-02-21 13:45:00,4625.4289,0.09417429003617869,0.00045368732284673994
2022-02-21 14:00:00,4618.4647,0.09506272093220731,2022-02-21 14:45:00,4629.4591,0.09414084482903147,-0.006476722979820729
2022-02-21 15:00:00,4634.3141,0.09384350579671907,2022-02-23 13:45:00,4612.9058,0.11647009953214493,0.18202467614444556
2022-02-23 14:00:00,4612.0796,0.116517547386998,2022-02-24 11:30:00,4563.5588,0.12611775225580724,0.11694734937859247
2022-02-24 13:15:00,4530.653,0.14172580533833867,2022-02-24 14:00:00,4520.5962,0.14277833763832756,0.011600246081246527
2022-02-24 14:15:00,4507.5386,0.14555827769417556,2022-02-25 11:15:00,4572.9933,0.17089654168646348,0.19700447300850668
2022-02-25 11:30:00,4564.6356,0.17125831671074299,2022-02-25 13:15:00,4575.5798,0.17011535807061656,-0.004871881091167111
2022-02-25 13:30:00,4571.3768,0.17015273423919058,2022-02-25 13:45:00,4578.9372,0.17011102113660523,0.0007283097737537068
2022-02-25 14:00:00,4572.1736,0.17010953095197517,2022-02-25 14:30:00,4572.5391,0.17101797717696685,0.006298927796271134
2022-02-25 14:45:00,4570.3586,0.17084394448336696,2022-02-25 15:00:00,4573.4247,0.1706852885456623,-0.0009320633080272069
2022-02-28 09:45:00,4535.8998,0.17083708642698273,2022-02-28 10:45:00,4550.7038,0.17471762901989926,0.02634635075142974
2022-02-28 11:00:00,4549.3002,0.17498363873684541,2022-02-28 11:15:00,4544.8876,0.17500556839221187,0.00045508868006782554
2022-02-28 11:30:00,4556.6495,0.17540403835496055,2022-02-28 13:15:00,4558.7158,0.17532929391253502,-0.0003545638402223403
2022-02-28 13:30:00,4559.2904,0.1752861501686897,2022-02-28 13:45:00,4561.2683,0.17545996735323383,0.0010573304854019886
2022-02-28 14:00:00,4571.745,0.17515845322404014,2022-02-28 14:30:00,4566.6921,0.1750573295929349,-0.00017774103993768608
2022-02-28 14:45:00,4573.5482,0.17482858634354087,2022-03-01 09:45:00,4602.9614,0.16548217421178693,-0.08236209701477555
2022-03-01 10:00:00,4600.583,0.16359813956660899,2022-03-01 10:15:00,4595.2465,0.1629236040224117,-0.0035525803379604644
2022-03-01 10:30:00,4601.1298,0.16279579924352813,2022-03-01 10:45:00,4595.8501,0.16289378940036467,0.0011680354363584086
2022-03-01 11:00:00,4595.9895,0.16310594881567966,2022-03-01 11:15:00,4600.4696,0.16328686800517866,0.0015153630603330275
2022-03-01 11:30:00,4593.116,0.163160273387607,2022-03-01 13:15:00,4588.6343,0.16296310426462673,-0.0007978374074130415
2022-03-01 13:30:00,4586.0494,0.16319000882023804,2022-03-01 13:45:00,4598.9523,0.16332603130580084,0.004213688740872137
2022-03-01 14:00:00,4597.8585,0.16330143813402495,2022-03-01 14:15:00,4604.8926,0.16326448982208577,0.0007735076907081996
2022-03-01 14:30:00,4617.544,0.16432096313545588,2022-03-01 14:45:00,4622.1616,0.16436370242000622,0.0008261835721025117
2022-03-01 15:00:00,4619.6862,0.16412130360403107,2022-03-02 14:45:00,4581.0952,0.17051045782939794,0.04187714037262074
2022-03-02 15:00:00,4578.6007,0.17039012239962859,2022-03-03 09:45:00,4579.9053,0.1646120021304498,-0.05200674150567153
2022-03-03 10:00:00,4568.746,0.1668198621061376,2022-03-03 10:45:00,4565.3495,0.16657769954413096,-0.0015371437328488477
2022-03-03 11:00:00,4564.1323,0.166662727453786,2022-03-03 11:15:00,4565.0343,0.1649970810113489,-0.010052526020554887
2022-03-03 11:30:00,4565.7935,0.1642670140546166,2022-03-03 13:15:00,4561.1202,0.14872471111266494,-0.09944948599020953
2022-03-03 13:30:00,4553.4707,0.14848891958060426,2022-03-03 13:45:00,4548.9036,0.14852495305177857,0.00044111236044108194
2022-03-03 14:00:00,4556.477,0.14850680810984562,2022-03-03 14:15:00,4559.1541,0.14615879817521255,-0.015876574812324237
2022-03-03 14:30:00,4551.2867,0.14505930938270428,2022-03-03 14:45:00,4549.7416,0.14189670354575137,-0.022022546570875424
2022-03-03 15:00:00,4551.6283,0.14040045486082198,2022-03-04 09:45:00,4508.3072,0.13208770474323628,-0.050033344620970546
2022-03-04 10:00:00,4510.6641,0.13194815115096764,2022-03-04 10:45:00,4532.697,0.1315325788024577,0.00294868530825054
2022-03-04 11:00:00,4527.7097,0.13164337263574527,2022-03-04 11:15:00,4521.4872,0.13042483300241547,-0.010280917220352041
2022-03-04 11:30:00,4507.7985,0.13021518075925156,2022-03-04 14:15:00,4497.887,0.13312074213326308,0.023339800542758325
2022-03-04 14:30:00,4491.4006,0.1331084273879159,2022-03-04 15:00:00,4496.4301,0.13401797644660893,0.007123469650810207
2022-03-07 09:45:00,4418.0905,0.16672753870872345,2022-03-08 09:45:00,4372.4808,0.1664598518141232,0.004652328221625155
2022-03-08 10:00:00,4344.9894,0.16643111559130888,2022-03-10 09:45:00,4314.3267,0.2695360719077118,0.45610131269740345
2022-03-10 10:00:00,4306.3828,0.2685394705503124,2022-03-10 14:00:00,4291.4851,0.2723557476319601,0.014948935131468714
2022-03-10 14:15:00,4305.1498,0.27202392674607556,2022-03-14 09:45:00,4260.7178,0.3033859564772657,0.055425505120853716
2022-03-14 10:00:00,4277.2593,0.3012588499518056,2022-03-14 13:45:00,4221.7004,0.3024144470107743,0.015922332507669792
2022-03-14 14:00:00,4205.9243,0.3024392712092334,2022-03-14 14:45:00,4189.0593,0.3025269390987841,0.0013258113548722374
2022-03-14 15:00:00,4174.7577,0.30323535058422646,2022-03-16 13:30:00,4111.3607,0.3799970191383323,0.2171566049977598
2022-03-16 13:45:00,4127.0154,0.3808617217052116,2022-03-16 14:30:00,4149.5651,0.3701640466968731,-0.029173848353583807
2022-03-16 14:45:00,4157.4498,0.3665573860121564,2022-03-17 13:30:00,4276.6101,0.3655899433070601,0.018088349038810164
2022-03-17 13:45:00,4278.0342,0.3654936809321438,2022-03-18 09:45:00,4228.076,0.34826968035435474,-0.06295996308405581
2022-03-18 10:00:00,4223.3863,0.34750286684001697,2022-03-18 10:45:00,4212.8554,0.3444094620800721,-0.009265222804832069
2022-03-18 11:00:00,4210.8258,0.3441409814560546,2022-03-18 14:30:00,4279.7295,0.33797227374602107,-0.002610556203056058
2022-03-18 14:45:00,4274.2196,0.33790968808524596,2022-03-21 09:45:00,4261.7465,0.3259590896599851,-0.10203725512334905
2022-03-21 10:00:00,4274.3542,0.32528730626909974,2022-03-21 10:30:00,4287.6702,0.3252571256818904,0.0006576298764438867
2022-03-21 10:45:00,4278.8438,0.32496339864833274,2022-03-21 14:15:00,4258.9809,0.3261330279274213,0.005596034428005457
2022-03-21 14:30:00,4253.1001,0.3261256585062829,2022-03-22 09:45:00,4247.3178,0.27870551460295084,-0.17808646716603915
2022-03-22 10:00:00,4261.2784,0.27864073017550395,2022-03-22 10:45:00,4253.3066,0.26920772136408966,-0.03410160145835215
2022-03-22 11:00:00,4255.871,0.2680141540327052,2022-03-22 13:15:00,4261.1733,0.260094550348433,-0.02983144688025207
2022-03-22 13:30:00,4260.3955,0.2598536583122538,2022-03-22 14:45:00,4248.2869,0.25424024115006444,-0.020877597821793714
2022-03-22 15:00:00,4255.295,0.25131498950253134,2022-03-23 10:00:00,4254.0357,0.2489336290725685,-0.031692713511759396
2022-03-23 10:15:00,4268.1429,0.24943944193629242,2022-03-23 10:45:00,4271.2038,0.24319232141746333,-0.0284858301792899
2022-03-23 11:00:00,4276.2337,0.24163074725037179,2022-03-23 11:15:00,4270.8547,0.23816277344066872,-0.016070625515757365
2022-03-23 11:30:00,4251.8578,0.23626348278058218,2022-03-23 13:15:00,4263.592,0.20975455103621177,-0.1176807484515049
2022-03-23 13:30:00,4277.3787,0.19523822115623193,2022-03-23 13:45:00,4279.1659,0.1878437760851832,-0.04493904084240092
2022-03-23 14:00:00,4276.3345,0.1870285625933499,2022-03-23 14:30:00,4278.0001,0.18459772028064717,-0.015268810410561315
2022-03-23 14:45:00,4275.6265,0.18421732952799458,2022-03-23 15:00:00,4276.5174,0.18419283177400286,-0.00014341597612260715
2022-03-24 09:45:00,4244.0626,0.14185308727787363,2022-03-24 11:30:00,4248.8667,0.1415912266568992,-0.0012948014454195963
2022-03-24 13:15:00,4242.4289,0.14061408646272303,2022-03-25 09:45:00,4244.8011,0.13590295639940667,-0.05827987960740412
2022-03-25 10:00:00,4248.3728,0.13496085799381008,2022-03-25 14:00:00,4186.5377,0.12654753063856297,0.04868937228113608
2022-03-25 14:15:00,4191.3274,0.12684422286625918,2022-03-25 14:30:00,4186.9621,0.12611271081883124,-0.005141307975594472
2022-03-25 14:45:00,4179.3156,0.12698089427623627,2022-03-25 15:00:00,4174.5742,0.12687132984439234,-0.00017148781337653565
2022-03-28 09:45:00,4104.2073,0.1624963251688301,2022-03-29 10:30:00,4148.9193,0.1737980584783202,0.07988660534928983
2022-03-29 10:45:00,4152.8299,0.17414173128499844,2022-03-29 15:00:00,4134.1441,0.17539100509201053,0.01465257690550492
2022-03-30 09:45:00,4187.9145,0.18531000642585183,2022-03-30 10:15:00,4188.5426,0.18576421495899242,0.002453326805407876
2022-03-30 10:30:00,4189.235,0.18570186364302466,2022-03-30 11:00:00,4188.6805,0.1863420532529435,0.003442188459025901
2022-03-30 11:15:00,4191.8926,0.18640185804678738,2022-03-31 09:45:00,4226.1764,0.1802149539386574,-0.0428781849303165
2022-03-31 10:00:00,4226.6202,0.18035600074160302,2022-03-31 11:30:00,4231.784,0.177142022457826,-0.021329432006084555
2022-03-31 13:15:00,4222.584,0.17713599270455413,2022-03-31 15:00:00,4222.5968,0.17469845509600151,-0.017074314339172565
2022-04-01 10:00:00,4228.6677,0.1800966372523067,2022-04-01 10:15:00,4250.2441,0.18375677711181626,0.025747795158038114
2022-04-01 10:45:00,4278.0703,0.1854390546871531,2022-04-01 11:00:00,4279.1242,0.18853390125215233,0.01842491658829952
2022-04-01 13:15:00,4274.2255,0.1855323294866776,2022-04-01 13:30:00,4269.8464,0.18581865405243062,0.0018445257914741085
2022-04-01 13:45:00,4271.2348,0.18574933332793456,2022-04-01 14:00:00,4272.2104,0.1853933473807317,-0.0021284968967021
2022-04-06 09:45:00,4277.5238,0.15436903082040662,2022-04-06 10:15:00,4252.6606,0.14593347326953096,-0.05687939157489953
2022-04-06 10:30:00,4244.9036,0.14659458034345607,2022-04-06 11:00:00,4249.2546,0.14567173365975417,-0.00610678669559066
2022-04-06 11:15:00,4257.0741,0.14475732098745436,2022-04-06 11:30:00,4256.7068,0.1434119925037473,-0.009344512880979153
2022-04-06 13:15:00,4259.2542,0.14249474664320036,2022-04-06 14:15:00,4254.7001,0.14376562109003108,0.009131097637085375
2022-04-06 14:30:00,4245.0787,0.1433698674640613,2022-04-06 15:00:00,4263.8411,0.14323788678703642,0.0030971693301515813
2022-04-07 09:45:00,4275.8039,0.137960562726259,2022-04-07 10:45:00,4237.1269,0.13914627440114555,0.031180775051775366
2022-04-07 11:00:00,4252.9025,0.13915458828361252,2022-04-08 09:45:00,4208.0721,0.12653037989761062,-0.07670068219697486
2022-04-08 10:00:00,4206.0804,0.1236687053549448,2022-04-11 11:15:00,4117.9867,0.16923129950512214,0.3494177616669099
2022-04-11 11:30:00,4131.5656,0.17129423747534048,2022-04-11 14:00:00,4123.4216,0.17160767719131514,0.0028208850129088957
2022-04-11 14:15:00,4111.3997,0.17163248087664099,2022-04-11 15:00:00,4100.0703,0.17270609794547118,0.007480535253568561
2022-04-12 09:45:00,4101.5434,0.16952512276342635,2022-04-12 10:00:00,4112.2362,0.1672805288222353,-0.012142942824307062
2022-04-12 10:15:00,4109.9315,0.16305786508801584,2022-04-12 10:30:00,4107.2523,0.1618936014699238,-0.007097318217114078
2022-04-12 10:45:00,4105.4157,0.16241045290098982,2022-04-12 11:00:00,4100.3533,0.1594635202817285,-0.018033379293668533
2022-04-12 11:15:00,4097.4365,0.15908010993134944,2022-04-13 11:30:00,4158.2127,0.1888738000674055,0.18945933896127862
2022-04-13 13:45:00,4181.2341,0.1899696201755574,2022-04-13 14:15:00,4168.5719,0.19135110095384733,0.00964283954043812
2022-04-13 14:30:00,4167.439,0.19120625049281337,2022-04-14 09:45:00,4164.0555,0.19667469106994684,0.016077832046291124
2022-04-14 10:00:00,4163.1317,0.1968543639801156,2022-04-14 10:30:00,4172.7365,0.1968428938558691,0.0006573776603683306
2022-04-14 10:45:00,4158.2757,0.19977224375780045,2022-04-14 11:00:00,4168.5141,0.19959084742141214,-0.00011651338329966196
2022-04-14 11:15:00,4171.1874,0.19958279362998518,2022-04-14 11:30:00,4169.3879,0.1984299376455242,-0.006497645115369155
2022-04-14 13:15:00,4170.3332,0.19738464903467873,2022-04-14 14:15:00,4209.3171,0.1991234023290625,0.022727858345077144
2022-04-14 14:30:00,4207.5975,0.19913422294464103,2022-04-14 14:45:00,4193.9432,0.19889728281025093,0.0001991440554524433
2022-04-14 15:00:00,4191.5684,0.1990603985183607,2022-04-15 10:15:00,4178.7628,0.20553952984954788,0.018720220403118763
2022-04-15 10:30:00,4184.91,0.20520715207948775,2022-04-15 10:45:00,4189.7358,0.20148557354719313,-0.018119481082919702
2022-04-15 11:00:00,4176.3245,0.19989009981739142,2022-04-15 11:30:00,4172.7683,0.2004298364094659,0.0031518003407917006
2022-04-15 13:15:00,4197.2411,0.2008102174877936,2022-04-15 13:30:00,4195.5103,0.20098940187933573,0.0009139316354394672
2022-04-15 13:45:00,4210.2047,0.20147994107520148,2022-04-15 14:00:00,4205.3035,0.20151651595299794,0.0003612419642525584
2022-04-15 14:15:00,4195.6679,0.20147078793663192,2022-04-15 14:30:00,4191.2289,0.20186781456797218,0.0021135820782781736
2022-04-15 14:45:00,4185.4397,0.20273202075440605,2022-04-15 15:00:00,4188.7472,0.20295795449649187,0.001194133075461096
2022-04-18 09:45:00,4124.2811,0.19869798766166077,2022-04-18 11:00:00,4153.4334,0.1946264789077056,-0.014869521839938789
2022-04-18 11:15:00,4149.1689,0.19479309902949749,2022-04-18 13:45:00,4165.5264,0.1932154159024915,-0.0057032760284091355
2022-04-18 14:15:00,4162.5247,0.19314494618654346,2022-04-18 14:30:00,4157.2446,0.1929661096762993,-0.0006733839340891601
2022-04-18 14:45:00,4157.4188,0.19214371777516812,2022-04-18 15:00:00,4166.3844,0.19216219954985497,0.0008367482208776069
2022-04-19 09:45:00,4162.6496,0.19293611524451504,2022-04-19 13:30:00,4145.5657,0.1686466970520325,-0.13158569600256423
2022-04-19 13:45:00,4128.0755,0.16913875148187016,2022-04-20 09:45:00,4103.0844,0.1667767918976983,-0.02648094270949599
2022-04-20 10:00:00,4093.5898,0.16869591088950026,2022-04-20 10:30:00,4093.8975,0.1686867777687855,-5.28548154781438e-05
2022-04-20 10:45:00,4101.1134,0.16796910132771162,2022-04-20 13:15:00,4105.6926,0.16941931910050834,0.008873133783000624
2022-04-20 13:30:00,4100.3339,0.1700366238452483,2022-04-20 13:45:00,4099.8603,0.1685288700419879,-0.008903969123909429
2022-04-20 14:00:00,4083.8571,0.16977364641437165,2022-04-21 09:45:00,4074.7236,0.16230201423204288,-0.06080147650149173
2022-04-21 10:00:00,4064.9022,0.16282469384610426,2022-04-22 11:15:00,4005.4865,0.1723660226891089,0.08767342453095221
2022-04-22 11:30:00,4001.816,0.17356767033364298,2022-04-22 14:45:00,4008.4582,0.1729513529507259,-0.002936995722845532
2022-04-22 15:00:00,4013.2498,0.17278202469077106,2022-04-26 14:15:00,3786.1785,0.2301186303011035,0.5963120639934514
2022-04-26 14:30:00,3790.9951,0.23069679316779554,2022-04-27 10:00:00,3804.6967,0.22873170097337112,-0.02876381242259848
2022-04-27 10:15:00,3806.321,0.22926157478290318,2022-04-28 13:15:00,3883.2918,0.24309619811270622,0.09238399068430958
2022-04-28 13:30:00,3878.4552,0.24087129925934841,2022-04-29 09:45:00,3921.2715,0.2372627734255029,-0.023157103878474652
2022-04-29 10:00:00,3900.1582,0.237016019905903,2022-04-29 11:30:00,3924.6689,0.23134964408786493,-0.017575239042353398
2022-04-29 13:15:00,4015.9513,0.2647235804976707,2022-04-29 14:45:00,4008.8233,0.265923171862721,0.0049420486671549555
2022-04-29 15:00:00,4016.241,0.2660357244116966,2022-05-05 09:45:00,3995.3266,0.23578573217809418,-0.2943727725885703
2022-05-05 10:00:00,4002.2679,0.23462678476438248,2022-05-05 13:30:00,4027.0547,0.2330606712153281,-0.0036591484319059816
2022-05-05 13:45:00,4030.5901,0.23106353698304208,2022-05-05 14:30:00,4015.2476,0.22638504898882966,-0.0212230731982955
2022-05-05 14:45:00,4011.5258,0.2241302213376012,2022-05-05 15:00:00,4010.2102,0.2166730007987155,-0.033871724475876955
2022-05-06 09:45:00,3937.1522,0.2561505355684422,2022-05-06 10:00:00,3937.6007,0.25590711251333914,-0.000948113063466029
2022-05-06 10:15:00,3927.0039,0.2559029400120167,2022-05-06 10:30:00,3937.2107,0.2524911116499439,-0.014217577601923194
2022-05-06 10:45:00,3934.1584,0.24697436927625263,2022-05-06 11:00:00,3931.3542,0.24716269946224115,0.0007969064199269293
2022-05-06 11:15:00,3924.4199,0.2471526508336083,2022-05-06 13:30:00,3927.3324,0.24692569143377693,-0.0009662056046247774
2022-05-06 14:15:00,3912.0124,0.24285426830410423,2022-05-09 09:45:00,3902.4122,0.24360506595150389,-0.03428743227411915
2022-05-09 10:00:00,3903.3277,0.2456584003386491,2022-05-09 11:00:00,3890.1183,0.24277204907757688,-0.010875227637435824
2022-05-09 11:15:00,3885.1865,0.24217746943874294,2022-05-09 13:15:00,3881.7914,0.23564281788473287,-0.027202535006009245
2022-05-09 13:30:00,3861.2273,0.23411126722457729,2022-05-10 13:45:00,3916.6743,0.2576240021672568,0.09748068783479598
2022-05-10 14:00:00,3912.3598,0.25653845115276874,2022-05-11 09:45:00,3946.6965,0.2572254546796026,-0.005146335302398101
2022-05-11 10:00:00,3955.6322,0.25823688754113755,2022-05-11 13:15:00,4015.1675,0.22842100173357674,-0.10156952426795984
2022-05-11 13:30:00,4032.1302,0.22875738819964334,2022-05-11 13:45:00,4014.9286,0.227164142721197,-0.0057895809619836714
2022-05-11 14:00:00,4007.3709,0.22670465305077733,2022-05-11 15:00:00,3976.4231,0.22782800625356253,0.01078090116296669
2022-05-12 09:45:00,3963.264,0.22918546279589658,2022-05-12 10:00:00,3953.317,0.2290343437870981,-3.3008382298899744e-05
2022-05-12 10:15:00,3979.1417,0.22817712274461038,2022-05-12 10:30:00,3971.5601,0.2287210588338036,0.0030616107802174186
2022-05-12 10:45:00,3967.6862,0.22925852280790188,2022-05-12 11:00:00,3960.8595,0.22816849104765477,-0.00497500347417233
2022-05-12 11:15:00,3958.108,0.22775906425079614,2022-05-12 11:30:00,3974.3631,0.22752309964842624,0.0006562847520023981
2022-05-12 13:15:00,3962.0257,0.22793926464879305,2022-05-12 13:30:00,3958.3192,0.22916017236115493,0.005437254506507458
2022-05-12 13:45:00,3943.015,0.2306297887933691,2022-05-12 14:00:00,3942.826,0.23061293889330045,-7.275722410463919e-05
2022-05-12 14:15:00,3945.5905,0.23004298653877778,2022-05-12 15:00:00,3958.74,0.2304090592025974,0.0026798373313517486
2022-05-13 09:45:00,3973.4863,0.18790901790003203,2022-05-13 10:45:00,3962.8086,0.190202914823896,0.015080931428345079
2022-05-13 11:00:00,3963.4763,0.19060079104394187,2022-05-13 11:15:00,3962.7844,0.1906261188434162,0.0001376196087916586
2022-05-13 11:30:00,3974.3282,0.18871128758287017,2022-05-13 13:15:00,3970.9087,0.18883799051326022,0.0008948099374063391
2022-05-13 13:30:00,3962.9362,0.18825397618184023,2022-05-13 13:45:00,3972.8422,0.1882492271919628,0.0009200228863677015
2022-05-13 14:00:00,3975.5259,0.18849749509650077,2022-05-13 14:30:00,3981.2352,0.18766441145522286,-0.004711066470307874
2022-05-13 14:45:00,3984.8179,0.18749360770617124,2022-05-16 09:45:00,4001.205,0.18480789920391236,-0.057880766460047
2022-05-16 10:00:00,3979.2669,0.18254930774826553,2022-05-16 10:45:00,3966.0237,0.18434196834302052,0.013520141965255925
2022-05-16 11:00:00,3964.6285,0.18456521478862437,2022-05-16 11:15:00,3967.321,0.18482633540382593,0.001495050657423631
2022-05-16 11:30:00,3956.1169,0.18460879339951874,2022-05-16 13:30:00,3962.9509,0.1830569641431885,-0.007921325147227458
2022-05-16 13:45:00,3962.1922,0.1823756817464097,2022-05-16 14:00:00,3963.6666,0.18226299534118795,-0.0005942709127072816
2022-05-16 14:15:00,3953.8351,0.18295487591258244,2022-05-16 14:30:00,3954.6453,0.1829600407746892,3.563002593676225e-05
2022-05-16 14:45:00,3954.967,0.18310417280980784,2022-05-17 09:45:00,3961.328,0.15880828382507292,-0.15812989622569495
2022-05-17 10:00:00,3977.0005,0.1508470754070124,2022-05-17 10:15:00,3973.1777,0.14515134171904936,-0.04583304492874952
2022-05-17 10:30:00,3956.677,0.14114680870818325,2022-05-17 14:30:00,3995.9819,0.13735357370812276,0.003853943653962153
2022-05-17 14:45:00,4000.2609,0.13716745868121313,2022-05-18 09:45:00,3988.4015,0.13392747968135627,-0.037670793740093314
2022-05-18 10:00:00,3991.7971,0.1309731086387532,2022-05-18 10:30:00,3976.3931,0.12749578327529956,-0.02096094971596625
2022-05-18 10:45:00,3975.7251,0.1278563774347146,2022-05-18 11:15:00,3981.5446,0.1285315725595583,0.007516384065593648
2022-05-18 11:30:00,3982.4933,0.12775462149139818,2022-05-18 13:30:00,3990.7768,0.12374254734930844,-0.0372803230320026
2022-05-18 13:45:00,3995.3027,0.12399119477215245,2022-05-18 15:00:00,3991.9069,0.12070962383903812,-0.02647078316141153
2022-05-19 09:45:00,3954.4518,0.1333762933042203,2022-05-19 10:15:00,3949.3391,0.13317801415570749,-0.0008747295574854591
2022-05-19 10:30:00,3947.9743,0.13232213501082238,2022-05-19 10:45:00,3958.9554,0.13102438151308823,-0.006943388575542456
2022-05-19 11:00:00,3962.2351,0.1319020756630778,2022-05-19 13:30:00,3984.601,0.1304417404567505,0.0010151446281967695
2022-05-19 13:45:00,3971.5514,0.12786093324393852,2022-05-23 10:15:00,4046.3336,0.14368332760751562,0.19424457151062435
2022-05-23 10:30:00,4038.8682,0.14581166030601334,2022-05-23 10:45:00,4032.9162,0.14520590138191786,-0.0033620565738318262
2022-05-23 11:00:00,4039.7783,0.14498565295841995,2022-05-23 11:30:00,4035.5687,0.14440910666790666,-0.003575588403781015
2022-05-23 13:15:00,4039.8031,0.1443591443560236,2022-05-24 09:45:00,4045.9261,0.1442561281073307,-0.021123752858318242
2022-05-24 10:00:00,4035.5066,0.14407702547795706,2022-05-24 10:30:00,4036.8946,0.14283871903419526,-0.008579562467108897
2022-05-24 10:45:00,4034.5497,0.1424481349482724,2022-05-24 11:15:00,4026.0791,0.14173541945979634,-0.0032379873649507796
2022-05-24 11:30:00,4007.7834,0.14196751882944916,2022-05-24 13:45:00,4006.568,0.1437462401898,0.012504271991288856
2022-05-24 14:00:00,4000.6228,0.1438073157936153,2022-05-25 10:45:00,3948.8205,0.14784680360967292,0.0671846735716452
2022-05-25 11:00:00,3948.632,0.1475099651071375,2022-05-26 09:45:00,3963.3072,0.13405329903613672,-0.11251046050617428
2022-05-26 10:00:00,3941.225,0.13785153199434308,2022-05-27 10:45:00,4020.1439,0.15060863304300126,0.2121374389741825
2022-05-27 11:00:00,4018.5491,0.15004503996505048,2022-05-27 11:30:00,4017.6477,0.1500771721984472,0.00029048214406184893
2022-05-27 13:15:00,4023.9022,0.14876339980016728,2022-05-27 15:00:00,4001.2988,0.15084564092843844,0.0327649708899118
2022-05-30 09:45:00,4023.2418,0.15361121019541113,2022-05-30 10:15:00,4022.6825,0.15423679098251294,0.005109752378660604
2022-05-30 10:30:00,4035.6483,0.15449064750253294,2022-05-30 10:45:00,4035.4027,0.15450667852772618,0.00010522064402558442
2022-05-30 11:00:00,4038.8925,0.1547236864342098,2022-05-30 13:15:00,4029.6825,0.15470873195232732,0.0022282562778526516
2022-05-30 13:30:00,4024.4995,0.15406506771517936,2022-05-30 13:45:00,4026.1315,0.15391213433235953,-0.0011527873806102702
2022-05-30 14:00:00,4016.8558,0.1538909317791941,2022-05-30 14:30:00,4025.1174,0.1545829500525004,0.0080257393656588
2022-05-30 14:45:00,4027.5906,0.1546886155157526,2022-05-30 15:00:00,4029.0179,0.1546782428238633,-1.3434649233218908e-05
2022-05-31 09:45:00,4044.9205,0.1535015536711454,2022-05-31 10:15:00,4033.723,0.15425475628247437,0.00853582700841415
2022-05-31 10:30:00,4036.0102,0.15551280831884567,2022-05-31 13:45:00,4075.5052,0.15474207828224143,0.03929865141467975
2022-05-31 14:00:00,4080.4949,0.1547983532402136,2022-05-31 14:15:00,4085.1364,0.1542401409378945,-0.003762957275001681
2022-05-31 14:30:00,4090.0623,0.15451407457497857,2022-06-01 09:45:00,4075.7487,0.15092796330657285,-0.04852888020030387
2022-06-01 10:00:00,4086.1016,0.15063571668616121,2022-06-01 10:45:00,4090.3212,0.1492254526309001,-0.009203061863986983
2022-06-01 11:00:00,4086.8959,0.14921231026474835,2022-06-01 11:30:00,4090.8913,0.14961304487532143,0.0028627826750121754
2022-06-01 13:15:00,4089.4551,0.1487850713878386,2022-06-01 13:30:00,4081.7817,0.14878700810024784,0.0006871703316489831
2022-06-01 13:45:00,4064.3903,0.15264827059709374,2022-06-01 14:00:00,4068.4944,0.15244971163554852,-0.0011163387610117603
2022-06-01 14:15:00,4069.1249,0.1522744612316905,2022-06-01 14:30:00,4074.5553,0.1517074447551751,-0.003933359940810412
2022-06-01 14:45:00,4083.564,0.15221707063236406,2022-06-01 15:00:00,4083.1772,0.15160946065906436,-0.003989597195717193
2022-06-02 09:45:00,4063.7876,0.15304251760825047,2022-06-02 10:00:00,4064.1924,0.14950922277191409,-0.023393596546376204
2022-06-06 09:45:00,4079.2648,0.10623142159872079,2022-06-08 09:45:00,4186.7516,0.11867274904473044,0.35330590963453085
2022-06-08 10:00:00,4200.1264,0.11921311665217856,2022-06-09 10:00:00,4209.3419,0.13333884421943565,0.09938686621506106
2022-06-09 10:15:00,4212.4891,0.1333366120204573,2022-06-09 11:15:00,4201.5367,0.1348075958662921,0.012978023163600194
2022-06-09 11:30:00,4192.4787,0.13488991310732437,2022-06-10 10:30:00,4171.4996,0.13686539305474993,0.007282573734475974
2022-06-10 10:45:00,4166.0779,0.13635920195689957,2022-06-13 10:00:00,4212.6771,0.14964691102278074,0.07772827853536964
2022-06-13 10:15:00,4181.2226,0.14939753429195815,2022-06-13 13:30:00,4189.5715,0.14846727489943118,-0.006131411147000193
2022-06-13 13:45:00,4178.7954,0.14826784119617248,2022-06-14 10:15:00,4164.9015,0.15657384021318954,0.04839973467569925
2022-06-14 10:30:00,4151.7579,0.15688786810609953,2022-06-14 14:00:00,4156.8895,0.1651851514144932,0.05189493395487265
2022-06-14 14:15:00,4155.8457,0.165970159188968,2022-06-16 13:30:00,4275.4294,0.18793797148743924,0.22569341192128436
2022-06-16 13:45:00,4266.7578,0.18810866637385912,2022-06-16 14:15:00,4254.314,0.18854611123470344,0.004443028919145087
2022-06-16 14:30:00,4259.2365,0.18949586593353007,2022-06-17 09:45:00,4248.8551,0.18684764991435704,-0.031107085416369775
2022-06-17 10:00:00,4272.868,0.19102474158731636,2022-06-20 09:45:00,4326.4193,0.19134452019725845,-0.029796094208739923
2022-06-20 10:00:00,4311.3235,0.19077554411694278,2022-06-20 10:45:00,4331.971,0.18752701837883667,-0.012206190744737989
2022-06-20 11:00:00,4347.6652,0.18807954100057017,2022-06-20 11:30:00,4339.6509,0.18804347451426484,0.0005392702050156783
2022-06-20 13:15:00,4332.652,0.1883600708294328,2022-06-20 13:45:00,4342.7848,0.19000303472412067,0.011378668525741476
2022-06-20 14:00:00,4342.7806,0.18970323866823932,2022-06-20 14:15:00,4333.7197,0.18918002302558545,-0.0018292072785545334
2022-06-20 14:30:00,4340.2755,0.18899621352302942,2022-06-20 14:45:00,4327.6388,0.18834680741514317,-0.0016109018772610493
2022-06-20 15:00:00,4330.4328,0.18770257304195814,2022-06-21 09:45:00,4331.6486,0.1803038972568006,-0.0715452624399547
2022-06-21 10:00:00,4345.6703,0.1803736855352818,2022-06-21 11:15:00,4329.0648,0.18117720878097168,0.007953297455736962
2022-06-21 11:30:00,4345.3078,0.1809910654059605,2022-06-21 13:15:00,4333.1034,0.17762678864908418,-0.016723819967813813
2022-06-21 13:30:00,4329.3608,0.17861703729403755,2022-06-21 14:45:00,4326.7807,0.1756027547119383,-0.019865435056381248
2022-06-21 15:00:00,4325.5657,0.17284993011603147,2022-06-22 09:45:00,4309.33295,0.16030819684668624,-0.1101873901739164
2022-06-22 10:00:00,4324.2259,0.16032218881813498,2022-06-22 11:30:00,4307.5774,0.1580784139421698,-0.010970360649373678
2022-06-22 13:15:00,4309.3036,0.15062390613023532,2022-06-22 15:00:00,4270.6227,0.1446051208985151,-0.009671790095177006
2022-06-23 09:45:00,4291.1817,0.14694389546148998,2022-06-23 13:30:00,4308.5118,0.14627031810075586,0.0019631956484176065
2022-06-23 13:45:00,4325.842,0.15046488465189858,2022-06-23 14:15:00,4330.0785,0.14905959904668212,-0.010962988559665574
2022-06-23 14:30:00,4328.9457,0.14749248354228156,2022-06-23 15:00:00,4343.8781,0.1473203702875868,0.00435684333453775
2022-06-24 09:45:00,4351.8131,0.14742119062800066,2022-06-24 10:00:00,4357.8767,0.14162808019486542,-0.039211302855843476
2022-06-24 10:15:00,4376.052,0.13998176272287263,2022-06-24 11:00:00,4370.9222,0.1345337320053381,-0.048436682115594966
2022-06-24 11:15:00,4378.8951,0.13420867902053663,2022-06-24 11:30:00,4368.2293,0.13061473219522954,-0.03006894244809878
2022-06-24 13:15:00,4380.5537,0.1276204447903632,2022-06-24 13:45:00,4378.1049,0.12501581748230348,-0.025873017885928162
2022-06-24 14:00:00,4385.7361,0.12854348318209755,2022-06-28 09:45:00,4419.6242,0.14444612917662186,0.037014243820676855
2022-06-28 10:00:00,4421.4703,0.14417327380827483,2022-06-28 11:30:00,4440.3333,0.14025898992004004,-0.021616661633040768
2022-06-28 13:15:00,4450.4649,0.14029999223456496,2022-06-28 13:45:00,4453.0488,0.13930522455936142,-0.0069186479018592565
2022-06-28 14:00:00,4459.6886,0.1378239080934047,2022-06-29 09:45:00,4485.7669000000005,0.13450507508658605,-0.0334383497361198
2022-06-29 10:00:00,4482.9055,0.13368500138513653,2022-06-30 10:00:00,4445.6089,0.14998732812386803,0.154208656431331
2022-06-30 10:15:00,4441.4376,0.14982771231768688,2022-07-01 09:45:00,4473.4133,0.15087101583100843,0.0006219784798777159
2022-07-01 10:00:00,4460.651,0.15418481041529905,2022-07-01 10:15:00,4480.0936,0.15321952802039027,-0.003211602041586969
2022-07-01 10:30:00,4475.704,0.1529937028785496,2022-07-01 11:00:00,4472.3658,0.15345413734677638,0.0035029822224103497
2022-07-01 11:15:00,4484.3018,0.15342301442758705,2022-07-01 13:45:00,4459.1427,0.15479899548696166,0.01381922470580513
2022-07-01 14:00:00,4457.9672,0.15211783324964756,2022-07-01 14:15:00,4466.295,0.1522606484767131,0.001510613869694685
2022-07-01 14:30:00,4463.4875,0.15185916588891205,2022-07-01 14:45:00,4460.8368,0.15143848209362815,-0.0027210657488805474
2022-07-01 15:00:00,4466.7179,0.1521134713859435,2022-07-04 09:45:00,4456.4373,0.14171534319403206,-0.11573798716220998
2022-07-04 10:00:00,4469.6348,0.14375371811437712,2022-07-04 10:45:00,4457.2104,0.1436420574318663,0.0008515105824794761
2022-07-04 11:00:00,4459.863,0.14388159746841037,2022-07-04 11:30:00,4477.1053,0.144604060794956,0.007890259564300573
2022-07-04 13:15:00,4483.3653,0.145000686447538,2022-07-04 14:15:00,4487.7888,0.14130638134901302,-0.025608040922828357
2022-07-04 14:30:00,4482.1858,0.1412989793235786,2022-07-05 11:00:00,4461.525,0.144715740944284,0.01948549635256985
2022-07-05 11:15:00,4447.2566,0.14619952035722367,2022-07-05 13:30:00,4464.3385,0.14860056268873356,0.01907737698498702
2022-07-05 13:45:00,4454.8799,0.14919609119360427,2022-07-05 14:15:00,4464.951,0.1488382403139471,-0.0014468360708196097
2022-07-05 14:30:00,4465.0219,0.14773637086993074,2022-07-06 09:45:00,4464.2712,0.15210266472523665,0.017727268764800796
2022-07-06 10:00:00,4473.9058,0.1521587614652409,2022-07-06 10:15:00,4463.3869,0.15189841037398324,-0.0007913590809750482
2022-07-06 10:30:00,4447.5688,0.15038893181636256,2022-07-06 10:45:00,4450.4546,0.1476247282767532,-0.018471670265747978
2022-07-06 11:00:00,4438.4831,0.14886392755336392,2022-07-06 13:30:00,4425.0324,0.14498866629274496,-0.024389436642820797
2022-07-06 13:45:00,4431.6805,0.1453068480061485,2022-07-06 14:45:00,4423.2507,0.14247014417963005,-0.021856282074640118
2022-07-06 15:00:00,4423.9698,0.14226334781909464,2022-07-07 09:45:00,4408.609,0.13602332835059422,-0.062097034901638884
2022-07-07 10:00:00,4409.6159,0.13682846235178117,2022-07-07 13:15:00,4452.7611,0.13768531381286,0.02766747278596034
2022-07-07 13:30:00,4446.7828,0.13775743218510975,2022-07-07 14:45:00,4447.8118,0.13365176888555436,-0.030240133476662615
2022-07-07 15:00:00,4443.4736,0.13365536016728544,2022-07-08 10:00:00,4447.1555,0.134720446396591,-0.0038945661831179595
2022-07-08 10:15:00,4448.0871,0.13521614935669665,2022-07-08 10:45:00,4452.1091,0.1359621156203873,0.0056999899051670706
2022-07-08 11:00:00,4447.3679,0.13635394766314707,2022-07-08 11:30:00,4452.9503,0.13639173839957525,0.0006538374572371484
2022-07-08 13:15:00,4447.2156,0.1354337463020523,2022-07-11 11:30:00,4344.6552,0.14852769383817044,0.16292332817783672
2022-07-11 13:15:00,4342.3305,0.1482646239700201,2022-07-11 13:45:00,4345.5238,0.14824574825256495,-9.26506141573487e-06
2022-07-11 14:00:00,4335.4514,0.1481810367337256,2022-07-11 14:15:00,4338.4108,0.14814895837736172,-0.00011463205275247635
2022-07-11 14:30:00,4347.2535,0.14814758905340966,2022-07-12 09:45:00,4355.8127,0.14792099597484876,-0.013962258527402618
2022-07-12 10:00:00,4347.5235,0.1473605542285226,2022-07-12 10:45:00,4331.7938,0.1466673157790323,-0.0017051764608077933
2022-07-12 11:00:00,4330.4703,0.1466110587060894,2022-07-12 13:30:00,4332.5978,0.1456069928364241,-0.007941688928053062
2022-07-12 13:45:00,4326.6559,0.14465772822255382,2022-07-13 09:45:00,4305.6265,0.1409292061123976,-0.039436004364133435
2022-07-13 10:00:00,4302.5731,0.14152307551648205,2022-07-13 11:15:00,4329.366,0.14636414200840553,0.04272685622594069
2022-07-13 11:30:00,4331.3913,0.1465832961308952,2022-07-13 13:30:00,4326.5634,0.1470131450505243,0.0037599355494445266
2022-07-13 13:45:00,4326.2968,0.14647715409282994,2022-07-14 10:15:00,4319.9433,0.1448675164689087,-0.028691101077591086
2022-07-14 10:30:00,4323.6494,0.14433148349898023,2022-07-14 11:00:00,4331.3544,0.14409996821750695,-0.0009492758150349979
2022-07-14 11:15:00,4342.0901,0.14506831647236262,2022-07-14 11:30:00,4343.6968,0.14396141274836183,-0.00762193557257541
2022-07-14 13:15:00,4344.0245,0.14404831199597137,2022-07-15 10:00:00,4329.3196,0.1428675297505105,-0.019547819750404795
2022-07-15 10:15:00,4326.8843,0.14324087210625303,2022-07-15 10:30:00,4339.2431,0.142380704379301,-0.0045521073329722
2022-07-15 10:45:00,4343.3554,0.1423440376334332,2022-07-15 11:00:00,4339.1115,0.1418093397429109,-0.003502242141707268
2022-07-15 11:15:00,4324.7459,0.14224310099745424,2022-07-18 10:00:00,4245.6733,0.13041360958760792,-0.02764748307509069
2022-07-18 10:15:00,4230.7835,0.1296227614287905,2022-07-18 14:15:00,4282.5037,0.13417427526582643,0.097337212062732
2022-07-18 14:30:00,4285.0724,0.13419406809799736,2022-07-18 14:45:00,4287.7067,0.13081636557368914,-0.025358472558630257
2022-07-18 15:00:00,4292.5858,0.13117247888984987,2022-07-19 09:45:00,4279.1758,0.13245838078238825,-0.0031453516285000135
2022-07-19 10:00:00,4267.5898,0.13085339751290925,2022-07-19 11:00:00,4262.852,0.12705692879733177,-0.035059499520645285
2022-07-19 11:15:00,4262.508,0.12654928389086315,2022-07-19 13:30:00,4240.3152,0.12464486959891201,-0.004719903799008198
2022-07-19 13:45:00,4252.0981,0.12507213210581597,2022-07-20 10:00:00,4293.5669,0.12963500060094726,0.053382130566446216
2022-07-20 10:15:00,4288.3397,0.12868343254475587,2022-07-20 10:30:00,4297.6255,0.128535357228907,0.0006264180913289454
2022-07-20 10:45:00,4301.2221,0.12150288015974976,2022-07-20 11:30:00,4285.6524,0.12146312140871511,0.00525636838151683
2022-07-20 13:15:00,4286.9592,0.12137042141310703,2022-07-20 14:00:00,4279.6009,0.12171555617991824,0.004070446837166585
2022-07-20 14:15:00,4281.1492,0.1208407557907913,2022-07-20 14:30:00,4284.2649,0.120431938708261,-0.0038931990695467125
2022-07-20 14:45:00,4281.2501,0.12051880220681394,2022-07-20 15:00:00,4283.8027,0.11970125439414447,-0.008204831019730156
2022-07-21 09:45:00,4280.3941,0.11657315141462478,2022-07-21 11:15:00,4261.6033,0.11302438534221183,-0.026611846023580632
2022-07-21 11:30:00,4264.2916,0.11326949815016588,2022-07-21 14:00:00,4257.1262,0.11039650624529808,-0.024366583675450183
2022-07-21 14:15:00,4264.4669,0.11071903839220383,2022-07-22 11:30:00,4229.3924,0.11454727993689101,0.051065918068493234
2022-07-22 13:15:00,4236.9693,0.11372621468580026,2022-07-22 15:00:00,4238.2341,0.11794665563862994,0.0364697039892531
2022-07-25 09:45:00,4219.3715,0.11615725972657776,2022-07-25 10:45:00,4218.0669,0.11200534455525546,-0.046379195991452016
2022-07-25 11:00:00,4222.039,0.1098039488160722,2022-07-25 14:30:00,4212.6248,0.10925596406957239,-0.00235919758736761
2022-07-25 14:45:00,4214.873,0.10928216033841623,2022-07-26 09:45:00,4225.3092,0.11023431042897551,-0.00849846166802689
2022-07-26 10:00:00,4226.364,0.11125036745790044,2022-07-26 13:30:00,4244.3145,0.11361654917658959,0.04114917020914305
2022-07-26 13:45:00,4237.6771,0.1135989286691596,2022-07-26 14:00:00,4239.9242,0.11305594057209266,-0.0046197596938699036
2022-07-26 14:15:00,4242.1995,0.11292203280222107,2022-07-26 14:30:00,4240.8319,0.1114055004282242,-0.01343239717219819
2022-07-26 14:45:00,4243.4279,0.1112807545862758,2022-07-27 09:45:00,4224.1402,0.10821863649884371,-0.034976044226907185
2022-07-27 10:00:00,4228.0654,0.10854894692401214,2022-07-27 10:15:00,4228.9583,0.10861315216571803,0.0008140591181594981
2022-07-27 10:30:00,4236.2312,0.11016151973658105,2022-07-27 11:00:00,4225.6266,0.11079484506900364,0.00986801129609939
2022-07-27 11:15:00,4227.7989,0.10983628678301335,2022-07-27 11:30:00,4226.5296,0.10978580425575818,-0.0005187286448358059
2022-07-27 13:15:00,4223.9229,0.10981517372720674,2022-07-27 13:45:00,4230.3283,0.10949136284321187,-0.0017812054457932492
2022-07-27 14:00:00,4230.1356,0.10924950187904021,2022-07-27 14:30:00,4226.0619,0.10920905676882889,0.00035856805492088894
2022-07-27 14:45:00,4219.6028,0.11030972090845255,2022-07-27 15:00:00,4225.0357,0.11029801989903541,0.001331287788897808
2022-07-28 09:45:00,4229.7729,0.11011442883523925,2022-07-28 10:15:00,4237.7706,0.1105266126519203,0.008193907605832757
2022-07-28 10:30:00,4263.4275,0.11726464519571937,2022-07-28 13:30:00,4244.5476,0.11855756949285637,0.023317345255379627
2022-07-28 13:45:00,4244.8499,0.11849624454470206,2022-07-28 14:30:00,4228.0138,0.119440348653322,0.017402799590389657
2022-07-28 14:45:00,4226.6131,0.11654818141255942,2022-07-28 15:00:00,4225.6733,0.11624811687876167,-0.0032909535414131453
2022-07-29 09:45:00,4217.1937,0.11258016721201297,2022-07-29 10:15:00,4219.5769,0.1129581066775484,0.004695314886992424
2022-07-29 10:30:00,4204.8064,0.11643784629033209,2022-07-29 15:00:00,4170.1019,0.11073719295754497,-0.0012929550676962223
2022-08-01 09:45:00,4138.6243,0.12031666699567312,2022-08-02 14:15:00,4127.2316,0.18878530846006683,0.4199619882448331
2022-08-02 14:30:00,4123.9997,0.1889146091247954,2022-08-03 09:45:00,4127.4895,0.1943174850947221,-0.004587681453747675
2022-08-03 10:00:00,4110.8697,0.19561738153023353,2022-08-03 11:00:00,4092.3631,0.19575621620517633,0.0029626116225897523
2022-08-03 11:15:00,4095.9465,0.1957379408594932,2022-08-03 14:30:00,4089.2934,0.19851209183814933,0.014335961045582699
2022-08-03 14:45:00,4058.323,0.20022714002775618,2022-08-04 10:00:00,4087.9412,0.20390060081759648,0.011976189943852182
2022-08-04 10:15:00,4102.69,0.2048895154192096,2022-08-04 10:45:00,4088.9669,0.20090022047705255,-0.018444762474802753
2022-08-04 11:15:00,4085.966,0.20088357901994203,2022-08-04 11:30:00,4077.3415,0.2008389671039433,0.0002580461747724118
2022-08-04 13:15:00,4066.5256,0.20131678968743566,2022-08-04 14:00:00,4088.2886,0.2020558475779869,0.006696464464483795
2022-08-04 14:15:00,4096.0159,0.202214434302924,2022-08-04 14:30:00,4092.5477,0.20205209763363807,-0.0007259559062834511
2022-08-04 14:45:00,4092.1734,0.20209255951575847,2022-08-05 10:30:00,4102.2561,0.20157747153905783,-0.01390287422732462
2022-08-05 10:45:00,4111.9252,0.2009460857974429,2022-08-05 13:45:00,4117.0305,0.1984125795198814,-0.01252653031014399
2022-08-05 14:00:00,4135.1947,0.19967370204076407,2022-08-08 09:45:00,4153.4505,0.19473900333980113,-0.060662404292502824
2022-08-08 10:00:00,4150.2526,0.19309455815532092,2022-08-08 10:15:00,4150.1537,0.1927979023025998,-0.0015373699837630931
2022-08-08 10:30:00,4145.3857,0.1926671931162666,2022-08-08 10:45:00,4145.8566,0.1924433578284808,-0.0011601429863568656
2022-08-08 11:15:00,4143.1443,0.19127865682957815,2022-08-08 11:30:00,4148.7355,0.19049844789699472,-0.0038474152328134377
2022-08-08 13:15:00,4149.9071,0.1903822096684617,2022-08-08 13:30:00,4140.7745,0.19038083972892145,0.000634981826898258
2022-08-08 13:45:00,4137.127,0.1907676950133731,2022-08-08 14:00:00,4137.3733,0.19074755150515169,-0.00010496794862219748
2022-08-08 14:30:00,4147.1069,0.19105281064209806,2022-08-08 14:45:00,4146.7876,0.19083742152368155,-0.0011267305209125603
2022-08-08 15:00:00,4148.0746,0.19074308292261483,2022-08-09 09:45:00,4139.5774,0.13854214942848458,-0.33148348154496904
2022-08-09 10:00:00,4138.1193,0.1360646811725261,2022-08-09 10:30:00,4154.6744,0.1369215874163434,0.010505482461977092
2022-08-09 10:45:00,4151.1518,0.1335357801354989,2022-08-09 11:00:00,4155.831,0.1320809827198821,-0.010598664289495102
2022-08-09 11:15:00,4156.512,0.13157342171958122,2022-08-09 11:30:00,4159.3641,0.13095910857458393,-0.004546415539904896
2022-08-09 13:15:00,4154.87,0.12450286111460306,2022-08-09 13:30:00,4153.4858,0.12453950985910042,0.00032991245106897435
2022-08-09 13:45:00,4147.9852,0.1248079399657778,2022-08-09 14:00:00,4146.0264,0.12472362644423075,-0.0006048243259870481
2022-08-09 14:15:00,4151.335,0.12245629219005147,2022-08-09 14:30:00,4152.9485,0.12255745590527042,0.0008756096584026229
2022-08-09 14:45:00,4154.9321,0.12064534877405479,2022-08-09 15:00:00,4156.2907,0.11925088601509094,-0.011594411731475858
2022-08-10 09:45:00,4151.6374,0.11080405026786867,2022-08-10 10:00:00,4150.8175,0.10836117209890221,-0.022285399813782022
2022-08-10 10:15:00,4131.5796,0.11035851627155421,2022-08-10 14:00:00,4105.5287,0.1079597454461428,-0.006159376583768993
2022-08-10 14:15:00,4095.9835,0.10806521525476694,2022-08-10 14:45:00,4105.4809,0.10215169910223344,-0.05377876307286471
2022-08-10 15:00:00,4109.7373,0.10200390021148256,2022-08-11 09:45:00,4132.788,0.09653045111247102,-0.05109546181700687
2022-08-11 10:00:00,4129.003,0.09683443803945797,2022-08-11 10:45:00,4130.1965,0.09567871416197303,-0.01529862668209008
2022-08-11 11:00:00,4140.9496,0.09573087825884113,2022-08-12 14:00:00,4188.2019,0.09607809757218307,0.0609140841081622
2022-08-12 14:15:00,4200.1812,0.09070272933720396,2022-08-15 09:45:00,4209.9111,0.08970759619878309,-0.053265920558660626
2022-08-15 10:00:00,4214.4953,0.09444376251893993,2022-08-15 13:30:00,4197.4817,0.10026468600235118,0.07054070452184638
2022-08-15 13:45:00,4197.5174,0.09956132190672247,2022-08-16 09:45:00,4197.0295,0.09980361066261731,-0.013895779853140881
2022-08-16 10:00:00,4191.2915,0.09961476786410647,2022-08-16 10:15:00,4202.3487,0.09852046283998257,-0.006763220438695789
2022-08-16 10:30:00,4198.2815,0.09781063573974345,2022-08-16 10:45:00,4195.9062,0.09755140496653522,-0.0024482856329363094
2022-08-16 11:00:00,4194.5212,0.09739986408919113,2022-08-16 11:15:00,4191.982,0.09743998442901153,0.0006458669631403078
2022-08-16 11:30:00,4191.7768,0.09754123860697891,2022-08-17 10:00:00,4161.3472,0.09906688016930658,0.03175471176224104
2022-08-17 10:15:00,4157.3557,0.09741360906978766,2022-08-18 09:45:00,4206.7735,0.10083778071262496,0.10067620723334121
2022-08-18 10:00:00,4199.9272,0.10079952025656466,2022-08-18 10:15:00,4196.4251,0.09958224888984368,-0.01169370333128582
2022-08-18 10:30:00,4186.0808,0.10076315912078491,2022-08-18 11:15:00,4181.5963,0.09621603588326909,-0.04506257670511538
2022-08-18 11:30:00,4180.325,0.09312408464058672,2022-08-18 14:15:00,4177.5527,0.09144207717373244,-0.023767633016991908
2022-08-18 14:30:00,4178.7066,0.09160611329391162,2022-08-19 09:45:00,4170.2641,0.09094113348456484,-0.029531511091032244
2022-08-19 10:00:00,4173.0516,0.09106958722379434,2022-08-19 10:45:00,4163.1803,0.09045887298528967,-0.0028188327384519704
2022-08-19 11:00:00,4171.5166,0.0905443439939043,2022-08-19 14:00:00,4164.6279,0.09159716840619439,0.018356772716907718
2022-08-19 14:15:00,4159.5327,0.09087452124668946,2022-08-22 09:45:00,4146.6159,0.09340974798229125,-0.023003015731107822
2022-08-22 10:00:00,4175.8182,0.09732319120469782,2022-08-22 10:30:00,4174.1584,0.09291942142236835,-0.06204925864522886
2022-08-22 10:45:00,4170.7904,0.09301676781083353,2022-08-22 14:00:00,4176.6607,0.09230010510388058,-0.008100236897932201
2022-08-22 14:15:00,4178.1455,0.09224800849585474,2022-08-23 09:45:00,4175.6441,0.09102757304288162,-0.046654375819966336
2022-08-23 10:00:00,4166.9836,0.09197840600747668,2022-08-23 11:15:00,4160.5048,0.09433852052928356,0.03713442928629277
2022-08-23 11:30:00,4174.9871,0.09510981272540367,2022-08-23 13:45:00,4159.7216,0.0946599577531918,0.009493314361451751
2022-08-23 14:00:00,4161.267,0.09445282906940822,2022-08-23 14:30:00,4161.7183,0.0946688412002414,0.0022969819156157018
2022-08-23 14:45:00,4156.9947,0.09382700583441504,2022-08-24 09:45:00,4159.0705,0.0938241166689054,-0.021964504928935903
2022-08-24 10:00:00,4145.0129,0.09526562256813526,2022-08-24 10:15:00,4142.8338,0.09470033926284435,-0.005686219793480243
2022-08-24 10:30:00,4135.2495,0.09462088914623028,2022-08-24 11:00:00,4127.6732,0.08902392440822146,-0.056554150014228234
2022-08-24 11:15:00,4117.2478,0.08904327849589667,2022-08-25 09:45:00,4093.7284,0.09293097687440578,0.07070489006062713
2022-08-25 10:00:00,4095.9862,0.09333048172418364,2022-08-26 10:30:00,4134.4187,0.1125541952422588,0.22570181118732255
2022-08-26 10:45:00,4135.3673,0.11178691800223643,2022-08-29 09:45:00,4077.4874,0.11867113417957721,0.11458519729267566
2022-08-29 10:00:00,4081.1798,0.11157380623431071,2022-08-29 10:45:00,4077.2478,0.11127687428920158,-0.0025375541680817152
2022-08-29 11:00:00,4078.828,0.11224755883927742,2022-08-29 13:30:00,4078.8772,0.11436929768986247,0.025322348436618188
2022-08-29 13:45:00,4082.5893,0.11444292562536566,2022-08-29 14:15:00,4085.1609,0.11427051588662288,-0.0015895389606940798
2022-08-29 14:30:00,4083.1457,0.11425919515213388,2022-08-29 14:45:00,4082.5701,0.11427279308855705,0.00018270519965292523
2022-08-29 15:00:00,4089.5205,0.11439604357127146,2022-08-30 09:45:00,4086.9119,0.11441570914974954,-0.029587133535260608
2022-08-30 10:00:00,4076.6889,0.11382858079822217,2022-08-30 11:15:00,4060.6855,0.11579760565838566,0.04102777720105363
2022-08-30 11:30:00,4067.5328,0.11496687024400103,2022-08-30 13:30:00,4058.9171,0.1150110021390715,0.0057424108567884725
2022-08-30 13:45:00,4060.8536,0.11506619313548404,2022-08-30 14:45:00,4077.1673,0.11744656683273735,0.03329397874585229
2022-08-30 15:00:00,4075.7937,0.11739204072325868,2022-08-31 09:45:00,4076.3142,0.11715878717137714,-0.04640364037632066
2022-08-31 10:00:00,4079.4685,0.11544272702078306,2022-08-31 10:30:00,4069.0996,0.1144127761748192,-0.00413284117851517
2022-08-31 10:45:00,4065.9648,0.11238578506557993,2022-08-31 13:15:00,4071.3822,0.11439376159375449,0.019224286611659404
2022-08-31 13:30:00,4098.5642,0.12140193613071132,2022-08-31 14:15:00,4084.2925,0.12233032121002907,0.01740474253331826
2022-08-31 14:30:00,4074.515,0.12181046870664643,2022-09-01 09:45:00,4080.5162,0.12219951126619608,-0.03982826608461104
2022-09-01 10:00:00,4086.1332,0.12270574987511035,2022-09-01 10:15:00,4083.454,0.11557371072063716,-0.05958301679679713
2022-09-01 10:30:00,4076.0274,0.11558158073090728,2022-09-01 10:45:00,4068.4453,0.11509321646486434,-0.0038960953425235248
2022-09-01 11:00:00,4080.3169,0.11509686190975514,2022-09-01 11:15:00,4080.8066,0.11483772486177796,-0.002690118057926004
2022-09-01 11:30:00,4082.0646,0.11496045048719225,2022-09-01 13:45:00,4069.7313,0.1163484174510767,0.01738441631836143
2022-09-01 14:00:00,4066.6816,0.11606837623798995,2022-09-01 14:30:00,4054.3369,0.11476699436000348,-0.010293124066712546
2022-09-01 14:45:00,4042.7291,0.11149873725503602,2022-09-02 10:45:00,4031.9757,0.1107078996084791,-0.015090752408411871
2022-09-02 11:00:00,4029.0662,0.11001840372098662,2022-09-05 10:00:00,4010.8371,0.11297565803884328,0.0012007271321047076
2022-09-05 10:15:00,4001.7221,0.11229418661312221,2022-09-05 13:15:00,4002.8129,0.11002010352645812,-0.020441103077166737
2022-09-05 13:30:00,3997.3734,0.1106092488507022,2022-09-06 10:15:00,4011.9464,0.10900832290828935,-0.021225898483960694
2022-09-06 10:30:00,4022.8061,0.10917895462874781,2022-09-06 14:15:00,4037.8748,0.10687367290453165,-0.019938151777215037
2022-09-06 14:30:00,4044.5555,0.10765454859353991,2022-09-07 10:45:00,4061.5999,0.11255782056824144,0.039097726345444804
2022-09-07 11:00:00,4055.8271,0.11142275302778798,2022-09-07 13:30:00,4052.9304,0.1010395173458771,-0.09776152106879242
2022-09-07 13:45:00,4048.558,0.09883424219856769,2022-09-07 14:45:00,4054.2873,0.09497977032635072,-0.03885696802390114
2022-09-07 15:00:00,4054.983,0.09483456393312438,2022-09-08 09:45:00,4058.7973,0.09520034792439043,-0.007446424163369006
2022-09-08 10:00:00,4058.9107,0.09398075248680761,2022-09-08 10:15:00,4056.7514,0.0933874235464478,-0.006207762644421774
2022-09-08 10:30:00,4061.7647,0.09339043432044145,2022-09-08 13:15:00,4053.6547,0.08983701773485325,-0.03693926761336015
2022-09-08 13:30:00,4058.7846,0.08988562001964431,2022-09-09 10:00:00,4066.2796,0.09308795459367916,0.024666808554965076
2022-09-09 14:45:00,4098.1078,0.0901334487224746,2022-09-09 15:00:00,4093.7874,0.0898495065812919,-0.002540939206898629
2022-09-13 09:45:00,4100.4964,0.07756998360998964,2022-09-13 11:30:00,4122.5534,0.07800084319013108,0.02852679558143647
2022-09-13 13:15:00,4119.2183,0.0780194222068867,2022-09-13 14:30:00,4111.5705,0.07609640563679324,-0.02948322498637829
2022-09-13 14:45:00,4110.5673,0.07601959881437613,2022-09-15 10:45:00,4051.7767,0.09771937295901803,0.3406841862936207
2022-09-15 11:00:00,4049.0026,0.09799426013078662,2022-09-15 11:15:00,4049.5389,0.09706012275848193,-0.009569290948383411
2022-09-15 11:30:00,4035.6649,0.09749603203920357,2022-09-19 11:30:00,3938.1615,0.12343432905952209,0.36082327280479015
2022-09-19 13:15:00,3928.5262,0.12368278893130863,2022-09-20 11:15:00,3943.4294,0.12776435101426414,0.026437192471823717
2022-09-20 11:30:00,3941.2671,0.1279929406731766,2022-09-20 14:30:00,3927.1545,0.12868862650252721,0.010071319545420086
2022-09-20 14:45:00,3929.5361,0.12870253891281327,2022-09-21 10:15:00,3904.0145,0.12588555054311562,-0.027883700680564238
2022-09-21 10:30:00,3899.8065,0.1255798153171991,2022-09-21 13:30:00,3917.157,0.12700061062533893,0.01892634571913851
2022-09-21 13:45:00,3908.3632,0.12720409209329586,2022-09-21 14:15:00,3919.5591,0.12723696547267643,0.003433848991617604
2022-09-21 14:30:00,3918.9527,0.12725182887386072,2022-09-23 09:45:00,3881.9812,0.12892939778050497,0.016524782076832726
2022-09-23 10:00:00,3880.5549,0.12732019730534186,2022-09-23 15:00:00,3856.0212,0.14447826696261584,0.17329192948370156
2022-09-26 09:45:00,3871.6245,0.143435003203079,2022-09-26 10:00:00,3863.6655,0.14236121425118464,-0.007325029132794137
2022-09-26 10:15:00,3868.205,0.14134890816629528,2022-09-26 11:30:00,3873.8357,0.1397241591233126,-0.013370942168657977
2022-09-26 13:15:00,3870.147,0.13984756520652683,2022-09-26 13:30:00,3865.7101,0.13958292910487527,-0.0017148814348172572
2022-09-26 13:45:00,3862.7566,0.13980225907291785,2022-09-26 14:00:00,3857.2348,0.1394706846794221,-0.0015851362230558245
2022-09-26 14:15:00,3854.741,0.1395707448914905,2022-09-27 10:00:00,3848.1974,0.13854959157136976,-0.027412402133360783
2022-09-27 10:15:00,3846.5391,0.13957568257436698,2022-09-27 13:30:00,3867.0839,0.14061637660829704,0.018799885898501192
2022-09-27 13:45:00,3866.6084,0.1412125859979357,2022-09-27 14:15:00,3871.7508,0.1411445394029813,0.00022308605044102747
2022-09-27 14:30:00,3884.3298,0.14174803476135572,2022-09-28 09:45:00,3864.5645,0.13896124328067758,-0.030122953228669813
2022-09-28 10:00:00,3865.3322,0.1390439119895424,2022-09-28 10:15:00,3865.9192,0.13900965559086118,-0.00023686740419051088
2022-09-28 10:30:00,3861.2941,0.1393521135489093,2022-09-28 11:00:00,3852.8233,0.1386614680017978,-0.002917602952230459
2022-09-28 11:15:00,3861.127,0.13848716211832635,2022-09-28 11:30:00,3861.7177,0.1381480794219609,-0.002444093799465125
2022-09-28 13:15:00,3838.68,0.13954630821376754,2022-09-29 09:45:00,3863.0297,0.1371546395452163,-0.022872204401963598
2022-09-29 10:00:00,3870.5922,0.13655694650426414,2022-09-29 10:15:00,3859.5448,0.13537880062723778,-0.006065950743314709
2022-09-29 10:30:00,3852.8108,0.13487567615764331,2022-09-30 09:45:00,3842.7936,0.13837540600689843,0.00453533155710022
2022-10-10 09:45:00,3791.4986,0.12960344833653434,2022-10-11 10:45:00,3729.5015,0.13227635452744543,0.07900482840019211
2022-10-11 11:00:00,3730.432,0.13226349181253175,2022-10-11 14:30:00,3725.7349,0.1310482531407984,-0.010685670980989749
2022-10-11 14:45:00,3723.9358,0.12912298808001216,2022-10-12 09:45:00,3707.7287,0.12582217526389658,-0.04089948482095833
2022-10-12 10:00:00,3695.3439,0.1292808589695867,2022-10-12 13:30:00,3682.574,0.12801304467098581,-0.006129368292477577
2022-10-12 13:45:00,3714.5534,0.1360421727498694,2022-10-14 13:30:00,3857.9564,0.16799174615727078,0.40725957736404256
2022-10-14 14:00:00,3842.0016,0.16866827826346553,2022-10-17 09:45:00,3812.582,0.1674165655326152,-0.04057862309154731
2022-10-17 10:00:00,3811.5394,0.1682397238857851,2022-10-17 13:30:00,3837.4554,0.16551453544054853,-0.006430480025184367
2022-10-17 13:45:00,3839.7676,0.16551423873834342,2022-10-18 09:45:00,3854.6519,0.163710163374165,-0.024049362134876864
2022-10-18 10:00:00,3852.7834,0.1638412535674251,2022-10-18 11:30:00,3850.5443,0.1632628125949072,-0.0034609924087454285
2022-10-18 13:15:00,3857.5809,0.16325984625947013,2022-10-19 09:45:00,3831.6975,0.16309749375631244,-0.007290480494548728
2022-10-19 10:00:00,3819.4922,0.16039632229256506,2022-10-19 13:45:00,3789.4145,0.1552929038470171,-0.019141727944488814
2022-10-19 14:00:00,3787.2247,0.14052068547781377,2022-10-19 14:30:00,3782.8348,0.13160245661593734,-0.06476304655873256
2022-10-19 14:45:00,3780.274,0.13131343749714858,2022-10-19 15:00:00,3776.5335,0.12992578564228327,-0.012787356647170154
2022-10-20 09:45:00,3749.5959,0.1389607441703247,2022-10-20 13:45:00,3777.6557,0.1498481885366253,0.09162253328796283
2022-10-20 14:00:00,3768.1555,0.15167001774537703,2022-10-21 09:45:00,3764.0758,0.13664949410734278,-0.14924880472160718
2022-10-21 10:00:00,3752.8854,0.13471570209710565,2022-10-21 11:30:00,3760.4276,0.13228748313944624,-0.016627453518234525
2022-10-21 13:15:00,3750.1671,0.13274786419626852,2022-10-21 14:00:00,3744.067,0.13087766888305075,-0.013141303035073553
2022-10-21 14:15:00,3725.9636,0.13131236733358653,2022-10-24 09:45:00,3726.5706,0.13001244227081835,-0.0869974576554862
2022-10-24 10:00:00,3705.7798,0.1333631061864083,2022-10-26 10:00:00,3650.8222,0.1755577792704075,0.291910653965762
2022-10-26 10:15:00,3661.0083,0.17745715553327135,2022-10-26 13:30:00,3668.1811,0.18080240248701346,0.019633157821055954
2022-10-26 13:45:00,3663.0654,0.1807284412584801,2022-10-27 09:45:00,3673.1498,0.172102821974029,-0.06969675178568698
2022-10-27 10:00:00,3679.3902,0.1721163596090307,2022-10-27 10:15:00,3672.4883,0.17141356424211834,-0.003736488952666068
2022-10-27 10:30:00,3665.2803,0.17159992465413934,2022-10-27 10:45:00,3663.9707,0.17106639911754432,-0.003084825614511931
2022-10-27 11:00:00,3654.0347,0.17076368549226906,2022-10-27 13:15:00,3639.6031,0.16343286338749885,-0.038890501234644985
2022-10-27 13:30:00,3636.1024,0.16285663042156742,2022-10-28 11:15:00,3600.4801,0.17751535512150543,0.0874980300436472
2022-10-28 13:15:00,3577.492,0.179424639144509,2022-10-31 11:00:00,3524.6921,0.1852897210819338,0.020872831480825464
2022-10-31 11:15:00,3553.3871,0.18516101887592346,2022-11-01 09:45:00,3517.6209,0.18309370139045217,-0.007556155762323429
2022-11-01 10:00:00,3540.9113,0.1806227091989557,2022-11-01 11:30:00,3561.6169,0.17901965760438715,0.0030457715416315075
2022-11-01 13:15:00,3580.1414,0.179252135991545,2022-11-01 14:15:00,3598.9224,0.18097844004150979,0.023805721096194797
2022-11-01 14:30:00,3612.5517,0.18200340716819427,2022-11-02 10:15:00,3632.6435,0.18053063410055253,-0.028585228736998838
2022-11-02 10:30:00,3648.2969,0.1807206537349887,2022-11-02 13:30:00,3685.9865,0.18456913335502612,0.03427372235708173
2022-11-02 13:45:00,3696.9792,0.18411921674904105,2022-11-02 14:30:00,3678.842,0.18558907546134581,0.010891939959995005
2022-11-02 14:45:00,3677.9063,0.18622663984893192,2022-11-02 15:00:00,3677.8051,0.18583978062205334,-0.0023715289657806325
2022-11-03 09:45:00,3660.9238,0.18820904718291273,2022-11-03 13:15:00,3638.9415,0.186236210757532,-0.006045433507625759
2022-11-03 13:30:00,3639.3118,0.18673618399890882,2022-11-03 14:45:00,3651.4606,0.1830962160144567,-0.01828830429669974
2022-11-03 15:00:00,3647.8966,0.18298122243360676,2022-11-04 13:30:00,3771.9947,0.19291969846401974,0.16634821859764765
2022-11-04 13:45:00,3774.9093,0.1923803460975648,2022-11-04 14:00:00,3771.0504,0.19235301966009077,-1.8416394000635626e-05
2022-11-04 14:15:00,3769.9695,0.19220862124318897,2022-11-04 14:30:00,3770.5872,0.1903768591126682,-0.010864887411679411
2022-11-04 14:45:00,3769.7225,0.18957196543228716,2022-11-07 09:45:00,3786.5307,0.18127836539518086,-0.0913726017808424
2022-11-07 10:00:00,3765.2312,0.17924302291334715,2022-11-07 10:45:00,3766.15,0.17423173361621766,-0.028396063461077793
2022-11-07 11:00:00,3772.0063,0.17423925589880834,2022-11-07 11:15:00,3774.4775,0.17418512912912162,-0.0002806114703865215
2022-11-07 11:30:00,3786.2658,0.17473665521173948,2022-11-07 13:15:00,3776.4359,0.17450070844470852,-0.00028272641717406094
2022-11-07 13:30:00,3776.8686,0.17358966115433974,2022-11-07 14:30:00,3771.2671,0.17298461823092456,-0.0036299146530013966
2022-11-07 14:45:00,3776.3089,0.1731718864754765,2022-11-07 15:00:00,3775.2971,0.17305684487203918,-0.0007554899713312439
2022-11-08 09:45:00,3764.8945,0.16777683851884492,2022-11-08 10:15:00,3748.1949,0.158137541433685,-0.05569737696529743
2022-11-08 10:30:00,3745.124,0.15674510343888692,2022-11-08 11:15:00,3744.9271,0.15411489128122252,-0.01691099115594148
2022-11-08 13:15:00,3732.9669,0.15386129578094118,2022-11-08 13:30:00,3734.5918,0.15369185893866502,-0.0012571786709021779
2022-11-08 13:45:00,3729.275,0.1535218853370813,2022-11-08 14:00:00,3727.4499,0.1518357943571787,-0.013025679285566904
2022-11-08 14:15:00,3725.263,0.15099770922804961,2022-11-08 14:30:00,3728.5207,0.14939189970574923,-0.01249730061363098
2022-11-08 14:45:00,3740.2286,0.1474241655510516,2022-11-08 15:00:00,3749.3251,0.14680246017534476,-0.002885493443074262
2022-11-09 09:45:00,3748.7703,0.14725973448693347,2022-11-09 10:15:00,3731.2933,0.14841374320700418,0.012787348571552122
2022-11-09 10:30:00,3754.2688,0.14908268831797677,2022-11-09 11:00:00,3733.4685,0.14854467725370898,0.003430425909528763
2022-11-09 11:15:00,3731.5598,0.14863616248792147,2022-11-09 13:15:00,3716.6811,0.14214326419477707,-0.04886813986045332
2022-11-09 13:30:00,3719.3243,0.14080525605583094,2022-11-09 14:15:00,3718.6204,0.13825680499461626,-0.021992203855804776
2022-11-09 14:30:00,3717.8048,0.13811166255549992,2022-11-10 11:00:00,3690.5242,0.1468095617408845,0.0715574641310714
2022-11-10 11:15:00,3690.3749,0.14713577339348333,2022-11-10 14:15:00,3693.8627,0.15198027752678167,0.03260263991707854
2022-11-10 14:30:00,3692.2239,0.1516570261601913,2022-11-10 14:45:00,3687.2252,0.1515139300426661,-0.0005255429144024334
2022-11-10 15:00:00,3685.6885,0.15156631071618257,2022-11-14 14:00:00,3789.2789,0.23455760441804382,0.46760964213847617
2022-11-14 14:15:00,3797.4075,0.23457589771841897,2022-11-14 14:30:00,3791.1862,0.2345216757620456,5.6468888904210976e-05
2022-11-14 14:45:00,3785.4152,0.23469817422377978,2022-11-14 15:00:00,3794.0171,0.23489424316646884,0.0013849182417315661
2022-11-15 09:45:00,3789.5336,0.23502856378074516,2022-11-15 11:15:00,3838.8211,0.2401114699586288,0.039173356619404194
2022-11-15 11:30:00,3849.6474,0.24010806749581112,2022-11-16 09:45:00,3853.2773,0.24081312447710318,-0.013872697572053753
2022-11-16 10:00:00,3855.8822,0.23936171539426984,2022-11-16 13:15:00,3841.3528,0.239952345821657,0.004020129406941033
2022-11-16 13:45:00,3835.6744,0.2399197018735217,2022-11-16 14:00:00,3839.9461,0.2397927327028008,-0.0003935832412955329
2022-11-16 14:30:00,3832.768,0.24012614131258336,2022-11-16 14:45:00,3832.3255,0.24012704632366122,5.88866745577249e-06
2022-11-16 15:00:00,3834.3899,0.24014315791078236,2022-11-17 09:45:00,3817.7115,0.23324751628818202,-0.04396635118295771
2022-11-17 10:00:00,3803.1811,0.23369744068372156,2022-11-17 10:30:00,3783.3675,0.23501642278552257,0.008830242008085671
2022-11-17 10:45:00,3787.7953,0.23474742000778745,2022-11-17 11:00:00,3800.8926,0.2349461426300726,0.0022546882603665668
2022-11-17 11:15:00,3785.0882,0.2345379964805257,2022-11-17 11:30:00,3779.4632,0.23452499001243438,0.00020596424043247349
2022-11-17 13:30:00,3789.5232,0.23472290611395338,2022-11-17 13:45:00,3791.7938,0.2346650526422511,-0.00020386438570666165
2022-11-17 14:00:00,3785.276,0.23473097781598154,2022-11-17 14:15:00,3802.5707,0.23197824632112513,-0.009327401643949492
2022-11-17 14:30:00,3798.5088,0.23214292975717601,2022-11-18 09:45:00,3823.5124,0.1597478866246391,-0.3820550423464173
2022-11-18 10:00:00,3819.6443,0.15720390528229758,2022-11-18 10:30:00,3824.3311,0.15730956133819304,0.0013052233294568768
2022-11-18 10:45:00,3816.8633,0.15746660146360983,2022-11-18 13:30:00,3825.6813,0.15958657080857402,0.01783180416914642
2022-11-18 13:45:00,3822.4981,0.1538325294031874,2022-11-18 14:15:00,3816.196,0.15101123278840045,-0.021430618594115932
2022-11-18 14:30:00,3812.2961,0.14860978635508904,2022-11-21 13:45:00,3761.6155,0.15353252257180003,0.029487148351581817
2022-11-21 14:00:00,3769.2342,0.1530078906384372,2022-11-22 09:45:00,3765.2579,0.1520556266460865,-0.03328861570627276
2022-11-22 10:00:00,3763.556,0.15130289532566998,2022-11-22 10:45:00,3753.6388,0.14659229497227444,-0.029304228209448835
2022-11-22 11:00:00,3766.7104,0.14228826864110206,2022-11-22 13:45:00,3776.6664,0.14428062738666775,0.02078384806270934
2022-11-22 14:00:00,3769.8849,0.14563348305968773,2022-11-23 09:45:00,3770.4099,0.14631912345843287,-0.021816072822116832
2022-11-23 10:00:00,3769.6441,0.14613706808656585,2022-11-23 10:30:00,3768.6361,0.14453081466520543,-0.013797681468559723
2022-11-23 10:45:00,3757.4571,0.14705740347092933,2022-11-23 13:45:00,3791.1782,0.14604561367255894,0.023590099636853667
2022-11-23 14:00:00,3775.8542,0.14613247593712297,2022-11-23 14:45:00,3774.6833,0.146330721664995,0.001743083078259662
2022-11-23 15:00:00,3773.5287,0.1463041795646642,2022-11-24 09:45:00,3782.5181,0.14599781480676383,-0.028920055051089084
2022-11-24 10:00:00,3777.7988,0.1456608220506796,2022-11-24 10:30:00,3772.2857,0.14434589108144497,-0.010317485552470283
2022-11-24 10:45:00,3769.3985,0.14515306698688604,2022-11-24 14:00:00,3762.68,0.14401595080699892,-0.008204608166996655
2022-11-24 14:15:00,3761.5559,0.14370345731087622,2022-11-25 09:45:00,3746.6371,0.14270911398067243,-0.02451977897773833
2022-11-25 10:00:00,3760.4503,0.14291131399436652,2022-11-25 11:00:00,3777.6623,0.1438219281332623,0.015438038722640475
2022-11-25 11:15:00,3767.7424,0.14393709366114255,2022-11-25 13:30:00,3781.517,0.14174397972687905,-0.011963870786723382
2022-11-25 13:45:00,3781.0354,0.1419152428927819,2022-11-25 14:30:00,3777.9432,0.14234942931650846,0.004279176427368943
2022-11-25 14:45:00,3779.4367,0.14190291609780947,2022-11-29 11:30:00,3844.0309,0.21230783178142673,0.4392103954045739
2022-11-29 13:15:00,3845.3908,0.21179052960573572,2022-11-29 13:45:00,3839.7049,0.21209807247925996,0.0020020350061784923
2022-11-29 14:00:00,3839.7096,0.2111819375501248,2022-11-29 14:15:00,3838.9658,0.21083151079465437,-0.0016482411577677645
2022-11-29 14:30:00,3841.6655,0.21083450180981972,2022-11-29 14:45:00,3844.7344,0.2104586475945251,-0.0016202871476168274
2022-11-29 15:00:00,3848.4224,0.21020333151998682,2022-11-30 09:45:00,3858.9503,0.210261940867502,-0.029947631168839965
2022-11-30 10:00:00,3846.549,0.21114929413369934,2022-11-30 10:30:00,3852.1072,0.21325556536755264,0.010491175500158207
2022-11-30 10:45:00,3851.0099,0.21178008785165342,2022-11-30 14:00:00,3842.369,0.21153460505945185,0.00021030977647889203
2022-11-30 14:15:00,3838.2105,0.21101539524587032,2022-11-30 14:30:00,3836.9242,0.2110940826638737,0.00040259852893457176
2022-11-30 14:45:00,3838.4863,0.21113793212829532,2022-12-02 11:15:00,3873.3228,0.25713834847788825,0.14458515378024142
2022-12-02 11:30:00,3873.1301,0.2571695732884016,2022-12-02 13:30:00,3867.6703,0.2571491867965954,3.822320657189883e-05
2022-12-02 14:00:00,3874.9198,0.25655395022581345,2022-12-05 09:45:00,3904.8731,0.21031330814535731,-0.2490151866045222
2022-12-05 10:00:00,3910.2814,0.20989446497405811,2022-12-05 10:30:00,3932.3612,0.21123100239481793,0.009236077032687123
2022-12-05 10:45:00,3938.556,0.20977210599654977,2022-12-05 11:15:00,3934.1613,0.20948038223610013,-0.0012730691373091117
2022-12-05 11:30:00,3937.8321,0.2098565268211358,2022-12-05 13:30:00,3936.0409,0.20985205270065113,-2.249787281155016e-06
2022-12-05 13:45:00,3943.1061,0.20966741357634816,2022-12-05 14:15:00,3933.2513,0.20966346920256757,0.0005573194686291403
2022-12-05 14:30:00,3939.5581,0.20904183607432292,2022-12-06 09:45:00,3950.6992,0.19153338794518807,-0.09787848426356324
2022-12-06 10:00:00,3949.924,0.19251361132843686,2022-12-06 11:30:00,3968.0806,0.19029766127424239,-0.009186122364430133
2022-12-06 13:15:00,3957.734,0.19010236075773923,2022-12-07 09:45:00,3966.9705,0.1903577222360261,-0.009474958436721451
2022-12-07 10:00:00,3959.8097,0.1893919266382389,2022-12-07 11:30:00,3959.368,0.1866669348220169,-0.014508631670032912
2022-12-07 13:15:00,3985.9634,0.18938533314872172,2022-12-08 09:45:00,3949.4103,0.12123519942680706,-0.4238250247515248
2022-12-08 10:00:00,3968.1369,0.12171848441508244,2022-12-08 14:00:00,3960.9697,0.12173184666269815,0.0012829978921211878
2022-12-08 14:15:00,3953.3896,0.12157145154991295,2022-12-09 10:45:00,3951.633,0.12234348385105571,-0.00560537538792298
2022-12-09 11:00:00,3950.958,0.12216681063133106,2022-12-09 13:30:00,3969.8621,0.12357132599016747,0.018060441547553815
2022-12-09 13:45:00,3985.4548,0.12369506265055635,2022-12-12 09:45:00,3974.0761,0.11745173332250912,-0.08586822261614276
2022-12-12 10:00:00,3980.2022,0.11744418711897044,2022-12-12 10:15:00,3975.466,0.11636467964066831,-0.010718389406173884
2022-12-12 10:30:00,3967.9088,0.11476807050359335,2022-12-12 10:45:00,3975.5541,0.11478684056119558,0.001862136783155226
2022-12-12 11:00:00,3976.9238,0.1147513948700513,2022-12-12 11:15:00,3972.728,0.11452697556825678,-0.001907900945168504
2022-12-12 11:30:00,3965.2199,0.11404955668384552,2022-12-12 13:45:00,3968.8853,0.11370395697448774,-0.002715861369200813
2022-12-12 14:00:00,3962.7441,0.11397075649220005,2022-12-13 10:00:00,3952.1229,0.11206813457683543,-0.02749680868645896
2022-12-13 10:15:00,3960.1144,0.11168985215059213,2022-12-13 10:30:00,3951.9825,0.10670880827043316,-0.04404449067650136
2022-12-13 10:45:00,3952.2842,0.10701448541275954,2022-12-13 13:15:00,3945.5524,0.10305422315672756,-0.036407580995069945
2022-12-13 13:30:00,3946.1401,0.10304381368893162,2022-12-14 09:45:00,3936.323,0.10270046038966334,-0.013933270979610116
2022-12-14 10:00:00,3951.0004,0.10266315668876815,2022-12-14 13:15:00,3961.9374,0.09941384321194899,-0.028236172324388003
2022-12-14 13:30:00,3966.1288,0.09932265267792866,2022-12-14 14:00:00,3951.9119,0.09034745774244948,-0.08846805341684577
2022-12-14 14:15:00,3957.1525,0.08806362621479186,2022-12-15 10:15:00,3943.165,0.09160160655210427,0.03343578020274119
2022-12-15 10:30:00,3938.4354,0.09023721592321673,2022-12-15 10:45:00,3939.0681,0.09010013272538975,-0.0015026589202542077
2022-12-15 11:00:00,3942.5063,0.08959353550855194,2022-12-15 11:15:00,3938.1705,0.0894575201927508,-0.0007272695238666138
2022-12-15 11:30:00,3946.467,0.08958661645174988,2022-12-15 14:45:00,3949.8669,0.08856877037033384,-0.010940933065184033
2022-12-15 15:00:00,3951.9885,0.08844795031005846,2022-12-16 10:00:00,3930.0005,0.0865878578001707,-0.01380694599108263
2022-12-16 10:15:00,3942.1629,0.0861422348588756,2022-12-16 13:15:00,3935.6566,0.08691577346294614,0.010824058625500971
2022-12-16 13:30:00,3937.0317,0.08671756179009811,2022-12-16 14:00:00,3940.5121,0.0854935448876396,-0.01367812497973773
2022-12-16 14:15:00,3939.0524,0.08544704447981667,2022-12-16 14:45:00,3946.6128,0.08263110308045811,-0.030836263749146036
2022-12-16 15:00:00,3954.227,0.08230967895907479,2022-12-19 09:45:00,3955.5833,0.07781485353879415,-0.10207479112922703
2022-12-19 10:00:00,3937.7127,0.08018898332852448,2022-12-19 10:30:00,3930.4075,0.0796877055624864,-0.0030259757210703685
2022-12-19 10:45:00,3924.0371,0.08112448619418854,2022-12-20 13:15:00,3832.8162,0.09266308904945164,0.5565845625723002
2022-12-20 13:30:00,3825.656,0.09305462762312106,2022-12-21 10:15:00,3845.5879,0.09935695133602838,0.08707735226177742
2022-12-21 10:30:00,3850.1454,0.10091165964413766,2022-12-21 10:45:00,3852.4007,0.10099289552758411,0.0010164250172026254
2022-12-21 11:00:00,3851.2132,0.10088498752394903,2022-12-21 13:15:00,3836.4228,0.10144021506112569,0.014493819711902231
2022-12-21 13:30:00,3826.0973,0.10064647403643316,2022-12-21 13:45:00,3828.2605,0.10036228650080824,-0.003469972060249631
2022-12-21 14:00:00,3825.4101,0.10020761981955083,2022-12-21 14:30:00,3826.6481,0.1006052123408772,0.005316928485498474
2022-12-21 14:45:00,3829.0151,0.10052292336797879,2022-12-21 15:00:00,3830.5384,0.10051043756966353,-3.3815534445675426e-05
2022-12-22 09:45:00,3852.7702,0.10966152304370758,2022-12-22 10:00:00,3867.8496,0.10527612762510283,-0.031783510138913916
2022-12-22 10:15:00,3875.9534,0.10937752551719702,2022-12-22 10:30:00,3871.1532,0.10919436783141392,-0.0010843896776814986
2022-12-22 10:45:00,3863.25,0.11008267097968785,2022-12-22 11:00:00,3864.5563,0.11001784547668429,-0.0005277710739871373
2022-12-22 11:15:00,3861.3629,0.1099847451496981,2022-12-22 13:15:00,3856.6074,0.11031946482691457,0.0038699522134253233
2022-12-22 13:30:00,3851.3077,0.1106692514060336,2022-12-22 13:45:00,3848.2402,0.11067695882821393,0.0004074530409457194
2022-12-22 14:00:00,3845.0027,0.11067479161515509,2022-12-22 15:00:00,3836.028,0.11330114123105045,0.02612354301888442
2022-12-23 09:45:00,3828.2181,0.11576602560272863,2022-12-23 13:30:00,3823.809,0.12013300880375541,0.04825476480697138
2022-12-23 13:45:00,3828.3087,0.12005645440016594,2022-12-23 14:00:00,3823.6255,0.11977623644609427,-0.0020835199829820706
2022-12-23 14:15:00,3818.3054,0.11978132803878871,2022-12-26 09:45:00,3832.5646,0.11876244523032646,-0.07764336084951304
