ProfitRate,Time
1,2022-2-15 9:45
1.000568199,2022-2-15 10:00
1.003127784,2022-2-15 10:15
1.002361009,2022-2-15 10:30
1.002320929,2022-2-15 10:45
1.001158782,2022-2-15 11:00
1.0008594,2022-2-15 11:15
0.999450714,2022-2-15 11:30
0.999143598,2022-2-15 13:15
0.996850827,2022-2-15 13:30
0.996688978,2022-2-15 13:45
0.995117369,2022-2-15 14:00
0.994960427,2022-2-15 14:15
0.994292573,2022-2-15 14:30
0.995468117,2022-2-15 14:45
0.996827815,2022-2-15 15:00
0.995358483,2022-2-16 9:45
0.997694179,2022-2-16 10:00
0.997310136,2022-2-16 10:15
0.994971977,2022-2-16 10:30
0.99435997,2022-2-16 10:45
0.994081607,2022-2-16 11:00
0.99599453,2022-2-16 11:15
0.995564146,2022-2-16 11:30
0.994850845,2022-2-16 13:15
0.993122035,2022-2-16 13:30
0.993422523,2022-2-16 13:45
0.992997395,2022-2-16 14:00
0.990713047,2022-2-16 14:15
0.990713047,2022-2-16 14:30
0.990713047,2022-2-16 14:45
0.990713047,2022-2-16 15:00
0.990713047,2022-2-17 9:45
0.990713047,2022-2-17 10:00
0.990713047,2022-2-17 10:15
0.990713047,2022-2-17 10:30
0.990713047,2022-2-17 10:45
0.990713047,2022-2-17 11:00
0.9914664,2022-2-17 11:15
0.991612077,2022-2-17 11:30
0.99347647,2022-2-17 13:15
0.992820905,2022-2-17 13:30
0.993355526,2022-2-17 13:45
0.993413443,2022-2-17 14:00
0.993047621,2022-2-17 14:15
0.993193164,2022-2-17 14:30
0.992786498,2022-2-17 14:45
0.992704776,2022-2-17 15:00
0.991204206,2022-2-18 9:45
0.992489059,2022-2-18 10:00
0.993397168,2022-2-18 10:15
0.990787935,2022-2-18 10:30
0.990573793,2022-2-18 10:45
0.990434249,2022-2-18 11:00
0.990134551,2022-2-18 11:15
0.99010482,2022-2-18 11:30
0.991654265,2022-2-18 13:15
0.991361518,2022-2-18 13:30
0.990459946,2022-2-18 13:45
0.989877687,2022-2-18 14:00
0.988970781,2022-2-18 14:15
0.989081551,2022-2-18 14:30
0.990109128,2022-2-18 14:45
0.990888386,2022-2-18 15:00
0.985586481,2022-2-21 9:45
0.985788303,2022-2-21 10:00
0.984577946,2022-2-21 10:15
0.983078825,2022-2-21 10:30
0.982548071,2022-2-21 10:45
0.981259018,2022-2-21 11:00
0.981259018,2022-2-21 11:15
0.981259018,2022-2-21 11:30
0.98248844,2022-2-21 13:15
0.982457362,2022-2-21 13:30
0.981880159,2022-2-21 13:45
0.982401281,2022-2-21 14:00
0.98256399,2022-2-21 14:15
0.981437421,2022-2-21 14:30
0.981804045,2022-2-21 14:45
0.981468521,2022-2-21 15:00
0.996774875,2022-2-22 9:45
1.011010542,2022-2-22 10:00
1.003747706,2022-2-22 10:15
1.002942671,2022-2-22 10:30
1.001075812,2022-2-22 10:45
1.000015743,2022-2-22 11:00
1.002177824,2022-2-22 11:15
1.007490667,2022-2-22 11:30
1.01134104,2022-2-22 13:15
1.004748114,2022-2-22 13:30
1.00742443,2022-2-22 13:45
1.008268221,2022-2-22 14:00
1.008432317,2022-2-22 14:15
1.008065027,2022-2-22 14:30
1.0014385,2022-2-22 14:45
0.999572828,2022-2-22 15:00
0.998051745,2022-2-23 9:45
0.997930519,2022-2-23 10:00
0.99849879,2022-2-23 10:15
0.998304289,2022-2-23 10:30
0.998375767,2022-2-23 10:45
0.998851387,2022-2-23 11:00
0.999137941,2022-2-23 11:15
0.998983351,2022-2-23 11:30
1.00078382,2022-2-23 13:15
1.000825123,2022-2-23 13:30
1.000777048,2022-2-23 13:45
1.00085307,2022-2-23 14:00
1.001293114,2022-2-23 14:15
1.000627739,2022-2-23 14:30
1.000757607,2022-2-23 14:45
1.000865142,2022-2-23 15:00
0.994281886,2022-2-24 9:45
0.99665796,2022-2-24 10:00
0.997034809,2022-2-24 10:15
0.99522274,2022-2-24 10:30
0.996498143,2022-2-24 10:45
0.994241546,2022-2-24 11:00
0.993713588,2022-2-24 11:15
0.995815864,2022-2-24 11:30
1.017522209,2022-2-24 13:15
1.015630074,2022-2-24 13:30
1.018609848,2022-2-24 13:45
1.020018906,2022-2-24 14:00
1.031841858,2022-2-24 14:15
1.049171231,2022-2-24 14:30
1.033581137,2022-2-24 14:45
1.037401478,2022-2-24 15:00
1.042953977,2022-2-25 9:45
1.043394936,2022-2-25 10:00
1.048189314,2022-2-25 10:15
1.046746222,2022-2-25 10:30
1.046648712,2022-2-25 10:45
1.045994934,2022-2-25 11:00
1.046452321,2022-2-25 11:15
1.047261535,2022-2-25 11:30
1.045984836,2022-2-25 13:15
1.045970571,2022-2-25 13:30
1.046181906,2022-2-25 13:45
1.04623426,2022-2-25 14:00
1.049755562,2022-2-25 14:15
1.049341136,2022-2-25 14:30
1.049084513,2022-2-25 14:45
1.048987381,2022-2-25 15:00
1.039399496,2022-2-28 9:45
1.039241334,2022-2-28 10:00
1.037842642,2022-2-28 10:15
1.039190731,2022-2-28 10:30
1.039788211,2022-2-28 10:45
1.039603238,2022-2-28 11:00
1.039828456,2022-2-28 11:15
1.039295116,2022-2-28 11:30
1.038574333,2022-2-28 13:15
1.03878913,2022-2-28 13:30
1.038666345,2022-2-28 13:45
1.038376823,2022-2-28 14:00
1.038451786,2022-2-28 14:15
1.038419863,2022-2-28 14:30
1.038354193,2022-2-28 14:45
1.038729934,2022-2-28 15:00
1.030344707,2022-3-1 9:45
1.026373148,2022-3-1 10:00
1.02434324,2022-3-1 10:15
1.024725492,2022-3-1 10:30
1.024569598,2022-3-1 10:45
1.024830152,2022-3-1 11:00
1.025104184,2022-3-1 11:15
1.024512217,2022-3-1 11:30
1.023584034,2022-3-1 13:15
1.023627435,2022-3-1 13:30
1.023573332,2022-3-1 13:45
1.02334371,2022-3-1 14:00
1.023663607,2022-3-1 14:15
1.025353228,2022-3-1 14:30
1.02545919,2022-3-1 14:45
1.024754643,2022-3-1 15:00
1.015218024,2022-3-2 9:45
1.01570583,2022-3-2 10:00
1.015103394,2022-3-2 10:15
1.015237799,2022-3-2 10:30
1.015731085,2022-3-2 10:45
1.016340822,2022-3-2 11:00
1.015603003,2022-3-2 11:15
1.015636611,2022-3-2 11:30
1.01633919,2022-3-2 13:15
1.016221041,2022-3-2 13:30
1.016137493,2022-3-2 13:45
1.016254749,2022-3-2 14:00
1.016615208,2022-3-2 14:15
1.016615208,2022-3-2 14:30
1.016583488,2022-3-2 14:45
1.016557716,2022-3-2 15:00
1.015811138,2022-3-3 9:45
1.01604822,2022-3-3 10:00
1.015933426,2022-3-3 10:15
1.015919608,2022-3-3 10:30
1.01573735,2022-3-3 10:45
1.01584877,2022-3-3 11:00
1.015137903,2022-3-3 11:15
1.014383255,2022-3-3 11:30
1.007160945,2022-3-3 13:15
1.007160945,2022-3-3 13:30
1.007198955,2022-3-3 13:45
1.007240333,2022-3-3 14:00
1.004636631,2022-3-3 14:15
1.000844703,2022-3-3 14:30
0.997573048,2022-3-3 14:45
0.997573048,2022-3-3 15:00
0.997573048,2022-3-4 9:45
0.997573048,2022-3-4 10:00
0.997573048,2022-3-4 10:15
0.997573048,2022-3-4 10:30
0.997573048,2022-3-4 10:45
0.997379054,2022-3-4 11:00
0.995864657,2022-3-4 11:15
0.996928623,2022-3-4 11:30
1.003056959,2022-3-4 13:15
1.004087082,2022-3-4 13:30
1.003039402,2022-3-4 13:45
1.004126581,2022-3-4 14:00
1.000833511,2022-3-4 14:15
1.00211423,2022-3-4 14:30
1.002875626,2022-3-4 14:45
1.002699962,2022-3-4 15:00
1.015426506,2022-3-7 9:45
1.021835991,2022-3-7 10:00
1.017549095,2022-3-7 10:15
1.015808574,2022-3-7 10:30
1.017800078,2022-3-7 10:45
1.024538528,2022-3-7 11:00
1.026529064,2022-3-7 11:15
1.026180264,2022-3-7 11:30
1.027263302,2022-3-7 13:15
1.027743827,2022-3-7 13:30
1.033388328,2022-3-7 13:45
1.038929396,2022-3-7 14:00
1.038641317,2022-3-7 14:15
1.041531257,2022-3-7 14:30
1.049335177,2022-3-7 14:45
1.039547174,2022-3-7 15:00
1.048942029,2022-3-8 9:45
1.061661678,2022-3-8 10:00
1.072008717,2022-3-8 10:15
1.087556605,2022-3-8 10:30
1.085677697,2022-3-8 10:45
1.10312658,2022-3-8 11:00
1.127564522,2022-3-8 11:15
1.130460071,2022-3-8 11:30
1.107136632,2022-3-8 13:15
1.116582429,2022-3-8 13:30
1.095521569,2022-3-8 13:45
1.098455113,2022-3-8 14:00
1.118101735,2022-3-8 14:15
1.126239223,2022-3-8 14:30
1.140501697,2022-3-8 14:45
1.14994566,2022-3-8 15:00
1.135517305,2022-3-9 9:45
1.146326117,2022-3-9 10:00
1.156949284,2022-3-9 10:15
1.159529348,2022-3-9 10:30
1.170141014,2022-3-9 10:45
1.189769067,2022-3-9 11:00
1.196044213,2022-3-9 11:15
1.211510692,2022-3-9 11:30
1.222040337,2022-3-9 13:15
1.253550848,2022-3-9 13:30
1.295485523,2022-3-9 13:45
1.288483072,2022-3-9 14:00
1.267110264,2022-3-9 14:15
1.255111182,2022-3-9 14:30
1.225804985,2022-3-9 14:45
1.230049267,2022-3-9 15:00
1.19605078,2022-3-10 9:45
1.19962448,2022-3-10 10:00
1.19962448,2022-3-10 10:15
1.19962448,2022-3-10 10:30
1.19962448,2022-3-10 10:45
1.19962448,2022-3-10 11:00
1.19962448,2022-3-10 11:15
1.19962448,2022-3-10 11:30
1.19962448,2022-3-10 13:15
1.19962448,2022-3-10 13:30
1.19962448,2022-3-10 13:45
1.19962448,2022-3-10 14:00
1.19962448,2022-3-10 14:15
1.19962448,2022-3-10 14:30
1.19962448,2022-3-10 14:45
1.19962448,2022-3-10 15:00
1.19962448,2022-3-11 9:45
1.19962448,2022-3-11 10:00
1.19962448,2022-3-11 10:15
1.19962448,2022-3-11 10:30
1.19962448,2022-3-11 10:45
1.19962448,2022-3-11 11:00
1.19962448,2022-3-11 11:15
1.19962448,2022-3-11 11:30
1.19962448,2022-3-11 13:15
1.19962448,2022-3-11 13:30
1.19962448,2022-3-11 13:45
1.19962448,2022-3-11 14:00
1.19962448,2022-3-11 14:15
1.19962448,2022-3-11 14:30
1.1995863,2022-3-11 14:45
1.199450158,2022-3-11 15:00
1.194692713,2022-3-14 9:45
1.194320864,2022-3-14 10:00
1.194387583,2022-3-14 10:15
1.194569725,2022-3-14 10:30
1.194878753,2022-3-14 10:45
1.194931384,2022-3-14 11:00
1.195066818,2022-3-14 11:15
1.194937126,2022-3-14 11:30
1.194707818,2022-3-14 13:15
1.195092626,2022-3-14 13:30
1.195271568,2022-3-14 13:45
1.19589584,2022-3-14 14:00
1.196261871,2022-3-14 14:15
1.195418685,2022-3-14 14:30
1.197007671,2022-3-14 14:45
1.198112506,2022-3-14 15:00
1.215634868,2022-3-15 9:45
1.220507119,2022-3-15 10:00
1.214109508,2022-3-15 10:15
1.214870905,2022-3-15 10:30
1.213289425,2022-3-15 10:45
1.215382598,2022-3-15 11:00
1.216610077,2022-3-15 11:15
1.217117865,2022-3-15 11:30
1.220052372,2022-3-15 13:15
1.221242611,2022-3-15 13:30
1.221305925,2022-3-15 13:45
1.224610936,2022-3-15 14:00
1.223124555,2022-3-15 14:15
1.22652701,2022-3-15 14:30
1.232350296,2022-3-15 14:45
1.238690168,2022-3-15 15:00
1.242443205,2022-3-16 9:45
1.234940649,2022-3-16 10:00
1.241373846,2022-3-16 10:15
1.245435077,2022-3-16 10:30
1.245822272,2022-3-16 10:45
1.248354485,2022-3-16 11:00
1.25526849,2022-3-16 11:15
1.246004893,2022-3-16 11:30
1.241264052,2022-3-16 13:15
1.230806972,2022-3-16 13:30
1.230171541,2022-3-16 13:45
1.229324281,2022-3-16 14:00
1.226019793,2022-3-16 14:15
1.225476522,2022-3-16 14:30
1.225476522,2022-3-16 14:45
1.225476522,2022-3-16 15:00
1.225476522,2022-3-17 9:45
1.225476522,2022-3-17 10:00
1.225476522,2022-3-17 10:15
1.225476522,2022-3-17 10:30
1.225476522,2022-3-17 10:45
1.225476522,2022-3-17 11:00
1.225476522,2022-3-17 11:15
1.225476522,2022-3-17 11:30
1.225476522,2022-3-17 13:15
1.225476522,2022-3-17 13:30
1.225476522,2022-3-17 13:45
1.225476522,2022-3-17 14:00
1.225476522,2022-3-17 14:15
1.225476522,2022-3-17 14:30
1.225476522,2022-3-17 14:45
1.225476522,2022-3-17 15:00
1.225476522,2022-3-18 9:45
1.225476522,2022-3-18 10:00
1.225476522,2022-3-18 10:15
1.225476522,2022-3-18 10:30
1.225476522,2022-3-18 10:45
1.225476522,2022-3-18 11:00
1.225476522,2022-3-18 11:15
1.225476522,2022-3-18 11:30
1.225476522,2022-3-18 13:15
1.225476522,2022-3-18 13:30
1.225476522,2022-3-18 13:45
1.225476522,2022-3-18 14:00
1.225476522,2022-3-18 14:15
1.225476522,2022-3-18 14:30
1.225476522,2022-3-18 14:45
1.225476522,2022-3-18 15:00
1.225476522,2022-3-21 9:45
1.225476522,2022-3-21 10:00
1.225476522,2022-3-21 10:15
1.225476522,2022-3-21 10:30
1.225476522,2022-3-21 10:45
1.225476522,2022-3-21 11:00
1.225476522,2022-3-21 11:15
1.225476522,2022-3-21 11:30
1.225476522,2022-3-21 13:15
1.225476522,2022-3-21 13:30
1.225476522,2022-3-21 13:45
1.225476522,2022-3-21 14:00
1.225476522,2022-3-21 14:15
1.225476522,2022-3-21 14:30
1.225476522,2022-3-21 14:45
1.225476522,2022-3-21 15:00
1.225476522,2022-3-22 9:45
1.223843704,2022-3-22 10:00
1.223020411,2022-3-22 10:15
1.222469652,2022-3-22 10:30
1.221475238,2022-3-22 10:45
1.221222771,2022-3-22 11:00
1.220273256,2022-3-22 11:15
1.220588869,2022-3-22 11:30
1.219746592,2022-3-22 13:15
1.219711016,2022-3-22 13:30
1.220011265,2022-3-22 13:45
1.219040872,2022-3-22 14:00
1.218977314,2022-3-22 14:15
1.219051508,2022-3-22 14:30
1.216479371,2022-3-22 14:45
1.21500538,2022-3-22 15:00
1.21500538,2022-3-23 9:45
1.214828582,2022-3-23 10:00
1.213703244,2022-3-23 10:15
1.211440351,2022-3-23 10:30
1.210395189,2022-3-23 10:45
1.209981374,2022-3-23 11:00
1.207917279,2022-3-23 11:15
1.207866252,2022-3-23 11:30
1.198728704,2022-3-23 13:15
1.198728704,2022-3-23 13:30
1.194364857,2022-3-23 13:45
1.194250957,2022-3-23 14:00
1.193943539,2022-3-23 14:15
1.193340902,2022-3-23 14:30
1.193169086,2022-3-23 14:45
1.19310745,2022-3-23 15:00
1.178884445,2022-3-24 9:45
1.178884445,2022-3-24 10:00
1.181833493,2022-3-24 10:15
1.179612581,2022-3-24 10:30
1.179600655,2022-3-24 10:45
1.179437771,2022-3-24 11:00
1.178562486,2022-3-24 11:15
1.177780247,2022-3-24 11:30
1.17748823,2022-3-24 13:15
1.177358386,2022-3-24 13:30
1.1743522,2022-3-24 13:45
1.17551966,2022-3-24 14:00
1.174601321,2022-3-24 14:15
1.17473343,2022-3-24 14:30
1.174654763,2022-3-24 14:45
1.174913786,2022-3-24 15:00
1.172410532,2022-3-25 9:45
1.171762038,2022-3-25 10:00
1.171075136,2022-3-25 10:15
1.171082293,2022-3-25 10:30
1.170942816,2022-3-25 10:45
1.170903794,2022-3-25 11:00
1.171817396,2022-3-25 11:15
1.17191132,2022-3-25 11:30
1.175245417,2022-3-25 13:15
1.172493493,2022-3-25 13:30
1.176636238,2022-3-25 13:45
1.173134397,2022-3-25 14:00
1.172163596,2022-3-25 14:15
1.173165197,2022-3-25 14:30
1.177601803,2022-3-25 14:45
1.180769754,2022-3-25 15:00
1.205700053,2022-3-28 9:45
1.196428306,2022-3-28 10:00
1.191108898,2022-3-28 10:15
1.192381557,2022-3-28 10:30
1.190444954,2022-3-28 10:45
1.188129053,2022-3-28 11:00
1.187563188,2022-3-28 11:15
1.193768112,2022-3-28 11:30
1.192645204,2022-3-28 13:15
1.186411279,2022-3-28 13:30
1.189242449,2022-3-28 13:45
1.18631244,2022-3-28 14:00
1.188528896,2022-3-28 14:15
1.193390886,2022-3-28 14:30
1.190564747,2022-3-28 14:45
1.186900668,2022-3-28 15:00
1.180720282,2022-3-29 9:45
1.178885664,2022-3-29 10:00
1.182915946,2022-3-29 10:15
1.188808335,2022-3-29 10:30
1.187769639,2022-3-29 10:45
1.185756202,2022-3-29 11:00
1.189710891,2022-3-29 11:15
1.19365358,2022-3-29 11:30
1.188763349,2022-3-29 13:15
1.188495391,2022-3-29 13:30
1.18684432,2022-3-29 13:45
1.184292479,2022-3-29 14:00
1.187417425,2022-3-29 14:15
1.194159749,2022-3-29 14:30
1.195045622,2022-3-29 14:45
1.191691389,2022-3-29 15:00
1.179979886,2022-3-30 9:45
1.182509859,2022-3-30 10:00
1.182621808,2022-3-30 10:15
1.182548958,2022-3-30 10:30
1.181879436,2022-3-30 10:45
1.182334389,2022-3-30 11:00
1.181827912,2022-3-30 11:15
1.178852112,2022-3-30 11:30
1.180069283,2022-3-30 13:15
1.179417949,2022-3-30 13:30
1.179114281,2022-3-30 13:45
1.179106189,2022-3-30 14:00
1.179136767,2022-3-30 14:15
1.179023947,2022-3-30 14:30
1.178926175,2022-3-30 14:45
1.179398125,2022-3-30 15:00
1.169500991,2022-3-31 9:45
1.169118251,2022-3-31 10:00
1.168334604,2022-3-31 10:15
1.168334604,2022-3-31 10:30
1.167894909,2022-3-31 10:45
1.168168524,2022-3-31 11:00
1.169154828,2022-3-31 11:15
1.168507563,2022-3-31 11:30
1.168982692,2022-3-31 13:15
1.171057506,2022-3-31 13:30
1.169477761,2022-3-31 13:45
1.170758763,2022-3-31 14:00
1.168784258,2022-3-31 14:15
1.168225706,2022-3-31 14:30
1.169368172,2022-3-31 14:45
1.169215744,2022-3-31 15:00
1.171024382,2022-4-1 9:45
1.169147664,2022-4-1 10:00
1.168243613,2022-4-1 10:15
1.168249191,2022-4-1 10:30
1.166564638,2022-4-1 10:45
1.168019062,2022-4-1 11:00
1.168349776,2022-4-1 11:15
1.168387345,2022-4-1 11:30
1.167267556,2022-4-1 13:15
1.167318407,2022-4-1 13:30
1.166596036,2022-4-1 13:45
1.166227806,2022-4-1 14:00
1.165668617,2022-4-1 14:15
1.165652245,2022-4-1 14:30
1.164832707,2022-4-1 14:45
1.164447927,2022-4-1 15:00
1.141624038,2022-4-6 9:45
1.141624038,2022-4-6 10:00
1.141624038,2022-4-6 10:15
1.141777493,2022-4-6 10:30
1.141830497,2022-4-6 10:45
1.140639286,2022-4-6 11:00
1.139444721,2022-4-6 11:15
1.138781628,2022-4-6 11:30
1.138053127,2022-4-6 13:15
1.139101699,2022-4-6 13:30
1.139967362,2022-4-6 13:45
1.139364692,2022-4-6 14:00
1.139268527,2022-4-6 14:15
1.138035118,2022-4-6 14:30
1.138811376,2022-4-6 14:45
1.139519856,2022-4-6 15:00
1.137733121,2022-4-7 9:45
1.136462695,2022-4-7 10:00
1.138899264,2022-4-7 10:15
1.138136042,2022-4-7 10:30
1.137491477,2022-4-7 10:45
1.136678158,2022-4-7 11:00
1.137313865,2022-4-7 11:15
1.138722343,2022-4-7 11:30
1.139258598,2022-4-7 13:15
1.138780549,2022-4-7 13:30
1.13867314,2022-4-7 13:45
1.137729835,2022-4-7 14:00
1.138635669,2022-4-7 14:15
1.137296222,2022-4-7 14:30
1.138982441,2022-4-7 14:45
1.140390245,2022-4-7 15:00
1.13962822,2022-4-8 9:45
1.143417527,2022-4-8 10:00
1.153416114,2022-4-8 10:15
1.151604383,2022-4-8 10:30
1.150431273,2022-4-8 10:45
1.153974244,2022-4-8 11:00
1.155225747,2022-4-8 11:15
1.154883517,2022-4-8 11:30
1.150552853,2022-4-8 13:15
1.151927071,2022-4-8 13:30
1.152165081,2022-4-8 13:45
1.151472329,2022-4-8 14:00
1.152470046,2022-4-8 14:15
1.152135605,2022-4-8 14:30
1.152604822,2022-4-8 14:45
1.151809004,2022-4-8 15:00
1.166955564,2022-4-11 9:45
1.165632701,2022-4-11 10:00
1.172684571,2022-4-11 10:15
1.182295553,2022-4-11 10:30
1.179427383,2022-4-11 10:45
1.183563895,2022-4-11 11:00
1.183014732,2022-4-11 11:15
1.179711383,2022-4-11 11:30
1.181983631,2022-4-11 13:15
1.182758912,2022-4-11 13:30
1.183968014,2022-4-11 13:45
1.181993348,2022-4-11 14:00
1.18605904,2022-4-11 14:15
1.191443329,2022-4-11 14:30
1.19544383,2022-4-11 14:45
1.194162385,2022-4-11 15:00
1.198370901,2022-4-12 9:45
1.19404107,2022-4-12 10:00
1.194733365,2022-4-12 10:15
1.199861306,2022-4-12 10:30
1.198372869,2022-4-12 10:45
1.202233932,2022-4-12 11:00
1.199903639,2022-4-12 11:15
1.205259061,2022-4-12 11:30
1.188918071,2022-4-12 13:15
1.194164537,2022-4-12 13:30
1.19224639,2022-4-12 13:45
1.19224639,2022-4-12 14:00
1.19224639,2022-4-12 14:15
1.19224639,2022-4-12 14:30
1.19224639,2022-4-12 14:45
1.19224639,2022-4-12 15:00
1.19224639,2022-4-13 9:45
1.19224639,2022-4-13 10:00
1.19224639,2022-4-13 10:15
1.19224639,2022-4-13 10:30
1.19224639,2022-4-13 10:45
1.19224639,2022-4-13 11:00
1.19224639,2022-4-13 11:15
1.19224639,2022-4-13 11:30
1.19224639,2022-4-13 13:15
1.19224639,2022-4-13 13:30
1.19224639,2022-4-13 13:45
1.19224639,2022-4-13 14:00
1.19224639,2022-4-13 14:15
1.19224639,2022-4-13 14:30
1.19224639,2022-4-13 14:45
1.19224639,2022-4-13 15:00
1.19224639,2022-4-14 9:45
1.19224639,2022-4-14 10:00
1.19224639,2022-4-14 10:15
1.19224639,2022-4-14 10:30
1.193430119,2022-4-14 10:45
1.193290495,2022-4-14 11:00
1.193227096,2022-4-14 11:15
1.192872165,2022-4-14 11:30
1.192599636,2022-4-14 13:15
1.193408862,2022-4-14 13:30
1.194474885,2022-4-14 13:45
1.194521592,2022-4-14 14:00
1.193727387,2022-4-14 14:15
1.193654608,2022-4-14 14:30
1.192955597,2022-4-14 14:45
1.192891129,2022-4-14 15:00
1.193251977,2022-4-15 9:45
1.192692222,2022-4-15 10:00
1.190160278,2022-4-15 10:15
1.190041146,2022-4-15 10:30
1.187463868,2022-4-15 10:45
1.186673669,2022-4-15 11:00
1.186943465,2022-4-15 11:15
1.187186054,2022-4-15 11:30
1.186577899,2022-4-15 13:15
1.186252284,2022-4-15 13:30
1.186794968,2022-4-15 13:45
1.186661952,2022-4-15 14:00
1.186613284,2022-4-15 14:15
1.187636476,2022-4-15 14:30
1.188334034,2022-4-15 14:45
1.188300374,2022-4-15 15:00
1.19057218,2022-4-18 9:45
1.189282973,2022-4-18 10:00
1.189283691,2022-4-18 10:15
1.186926111,2022-4-18 10:30
1.187173041,2022-4-18 10:45
1.187501211,2022-4-18 11:00
1.187364873,2022-4-18 11:15
1.186838492,2022-4-18 11:30
1.186740121,2022-4-18 13:15
1.186182291,2022-4-18 13:30
1.186381397,2022-4-18 13:45
1.186477119,2022-4-18 14:00
1.186445225,2022-4-18 14:15
1.185937085,2022-4-18 14:30
1.185151273,2022-4-18 14:45
1.18477201,2022-4-18 15:00
1.183669418,2022-4-19 9:45
1.183690853,2022-4-19 10:00
1.183554797,2022-4-19 10:15
1.182580799,2022-4-19 10:30
1.182356692,2022-4-19 10:45
1.182236141,2022-4-19 11:00
1.182273214,2022-4-19 11:15
1.182288251,2022-4-19 11:30
1.18219615,2022-4-19 13:15
1.173928887,2022-4-19 13:30
1.173928887,2022-4-19 13:45
1.173928887,2022-4-19 14:00
1.173928887,2022-4-19 14:15
1.173928887,2022-4-19 14:30
1.173928887,2022-4-19 14:45
1.173928887,2022-4-19 15:00
1.173928887,2022-4-20 9:45
1.173928887,2022-4-20 10:00
1.173928887,2022-4-20 10:15
1.173928887,2022-4-20 10:30
1.173928887,2022-4-20 10:45
1.173928887,2022-4-20 11:00
1.173928887,2022-4-20 11:15
1.173928887,2022-4-20 11:30
1.173928887,2022-4-20 13:15
1.173928887,2022-4-20 13:30
1.173928887,2022-4-20 13:45
1.173928887,2022-4-20 14:00
1.172767107,2022-4-20 14:15
1.173393907,2022-4-20 14:30
1.173119836,2022-4-20 14:45
1.172516815,2022-4-20 15:00
1.172450121,2022-4-21 9:45
1.172662189,2022-4-21 10:00
1.178087712,2022-4-21 10:15
1.178026497,2022-4-21 10:30
1.178241483,2022-4-21 10:45
1.179603684,2022-4-21 11:00
1.183562576,2022-4-21 11:15
1.186853525,2022-4-21 11:30
1.181886826,2022-4-21 13:15
1.184430552,2022-4-21 13:30
1.189755519,2022-4-21 13:45
1.193977235,2022-4-21 14:00
1.200144944,2022-4-21 14:15
1.19761482,2022-4-21 14:30
1.204187231,2022-4-21 14:45
1.204989899,2022-4-21 15:00
1.219622881,2022-4-22 9:45
1.216395051,2022-4-22 10:00
1.205685607,2022-4-22 10:15
1.212509436,2022-4-22 10:30
1.218879882,2022-4-22 10:45
1.223916978,2022-4-22 11:00
1.216816269,2022-4-22 11:15
1.217392111,2022-4-22 11:30
1.211450966,2022-4-22 13:15
1.213356317,2022-4-22 13:30
1.204523056,2022-4-22 13:45
1.202586408,2022-4-22 14:00
1.20513271,2022-4-22 14:15
1.21105654,2022-4-22 14:30
1.21105654,2022-4-22 14:45
1.21105654,2022-4-22 15:00
1.21105654,2022-4-25 9:45
1.21105654,2022-4-25 10:00
1.21105654,2022-4-25 10:15
1.21105654,2022-4-25 10:30
1.21105654,2022-4-25 10:45
1.21105654,2022-4-25 11:00
1.21105654,2022-4-25 11:15
1.21105654,2022-4-25 11:30
1.21105654,2022-4-25 13:15
1.21105654,2022-4-25 13:30
1.21105654,2022-4-25 13:45
1.21105654,2022-4-25 14:00
1.21105654,2022-4-25 14:15
1.21105654,2022-4-25 14:30
1.21105654,2022-4-25 14:45
1.21105654,2022-4-25 15:00
1.21105654,2022-4-26 9:45
1.21105654,2022-4-26 10:00
1.21105654,2022-4-26 10:15
1.21105654,2022-4-26 10:30
1.21105654,2022-4-26 10:45
1.21105654,2022-4-26 11:00
1.21105654,2022-4-26 11:15
1.21105654,2022-4-26 11:30
1.21105654,2022-4-26 13:15
1.21105654,2022-4-26 13:30
1.21105654,2022-4-26 13:45
1.21105654,2022-4-26 14:00
1.21105654,2022-4-26 14:15
1.21105654,2022-4-26 14:30
1.21105654,2022-4-26 14:45
1.21105654,2022-4-26 15:00
1.21105654,2022-4-27 9:45
1.21105654,2022-4-27 10:00
1.21105654,2022-4-27 10:15
1.21105654,2022-4-27 10:30
1.21105654,2022-4-27 10:45
1.21105654,2022-4-27 11:00
1.21105654,2022-4-27 11:15
1.21105654,2022-4-27 11:30
1.21105654,2022-4-27 13:15
1.21105654,2022-4-27 13:30
1.21105654,2022-4-27 13:45
1.21105654,2022-4-27 14:00
1.21105654,2022-4-27 14:15
1.21105654,2022-4-27 14:30
1.21105654,2022-4-27 14:45
1.21105654,2022-4-27 15:00
1.21105654,2022-4-28 9:45
1.21105654,2022-4-28 10:00
1.21105654,2022-4-28 10:15
1.21105654,2022-4-28 10:30
1.21105654,2022-4-28 10:45
1.21105654,2022-4-28 11:00
1.21105654,2022-4-28 11:15
1.21105654,2022-4-28 11:30
1.21105654,2022-4-28 13:15
1.21105654,2022-4-28 13:30
1.21105654,2022-4-28 13:45
1.21105654,2022-4-28 14:00
1.21105654,2022-4-28 14:15
1.21105654,2022-4-28 14:30
1.21105654,2022-4-28 14:45
1.21105654,2022-4-28 15:00
1.21105654,2022-4-29 9:45
1.21105654,2022-4-29 10:00
1.21105654,2022-4-29 10:15
1.21105654,2022-4-29 10:30
1.21105654,2022-4-29 10:45
1.21105654,2022-4-29 11:00
1.21105654,2022-4-29 11:15
1.21105654,2022-4-29 11:30
1.21105654,2022-4-29 13:15
1.21105654,2022-4-29 13:30
1.21105654,2022-4-29 13:45
1.21105654,2022-4-29 14:00
1.21105654,2022-4-29 14:15
1.21105654,2022-4-29 14:30
1.21105654,2022-4-29 14:45
1.21105654,2022-4-29 15:00
1.21105654,2022-5-5 9:45
1.21105654,2022-5-5 10:00
1.21105654,2022-5-5 10:15
1.21105654,2022-5-5 10:30
1.21105654,2022-5-5 10:45
1.21105654,2022-5-5 11:00
1.21105654,2022-5-5 11:15
1.21105654,2022-5-5 11:30
1.21105654,2022-5-5 13:15
1.21105654,2022-5-5 13:30
1.21105654,2022-5-5 13:45
1.21105654,2022-5-5 14:00
1.21105654,2022-5-5 14:15
1.21105654,2022-5-5 14:30
1.21105654,2022-5-5 14:45
1.21105654,2022-5-5 15:00
1.21105654,2022-5-6 9:45
1.21105654,2022-5-6 10:00
1.21105654,2022-5-6 10:15
1.21105654,2022-5-6 10:30
1.21105654,2022-5-6 10:45
1.21105654,2022-5-6 11:00
1.21105654,2022-5-6 11:15
1.21105654,2022-5-6 11:30
1.21105654,2022-5-6 13:15
1.21105654,2022-5-6 13:30
1.21105654,2022-5-6 13:45
1.21105654,2022-5-6 14:00
1.21105654,2022-5-6 14:15
1.21105654,2022-5-6 14:30
1.21105654,2022-5-6 14:45
1.21105654,2022-5-6 15:00
1.21105654,2022-5-9 9:45
1.21105654,2022-5-9 10:00
1.21105654,2022-5-9 10:15
1.21105654,2022-5-9 10:30
1.21105654,2022-5-9 10:45
1.21105654,2022-5-9 11:00
1.21105654,2022-5-9 11:15
1.21105654,2022-5-9 11:30
1.21105654,2022-5-9 13:15
1.21105654,2022-5-9 13:30
1.21105654,2022-5-9 13:45
1.21105654,2022-5-9 14:00
1.21105654,2022-5-9 14:15
1.21105654,2022-5-9 14:30
1.21105654,2022-5-9 14:45
1.21105654,2022-5-9 15:00
1.21105654,2022-5-10 9:45
1.21105654,2022-5-10 10:00
1.212178731,2022-5-10 10:15
1.214565571,2022-5-10 10:30
1.213720156,2022-5-10 10:45
1.213921306,2022-5-10 11:00
1.213645819,2022-5-10 11:15
1.212475973,2022-5-10 11:30
1.211572233,2022-5-10 13:15
1.212630428,2022-5-10 13:30
1.212357812,2022-5-10 13:45
1.211487495,2022-5-10 14:00
1.211493308,2022-5-10 14:15
1.211506145,2022-5-10 14:30
1.211435781,2022-5-10 14:45
1.211836525,2022-5-10 15:00
1.214495495,2022-5-11 9:45
1.216480511,2022-5-11 10:00
1.22047659,2022-5-11 10:15
1.220363986,2022-5-11 10:30
1.218980749,2022-5-11 10:45
1.220795454,2022-5-11 11:00
1.220184007,2022-5-11 11:15
1.222542398,2022-5-11 11:30
1.213576703,2022-5-11 13:15
1.215456563,2022-5-11 13:30
1.212496656,2022-5-11 13:45
1.211206298,2022-5-11 14:00
1.209547913,2022-5-11 14:15
1.206881227,2022-5-11 14:30
1.206000271,2022-5-11 14:45
1.20480805,2022-5-11 15:00
1.205346516,2022-5-12 9:45
1.204156579,2022-5-12 10:00
1.205290478,2022-5-12 10:15
1.2040491,2022-5-12 10:30
1.203470277,2022-5-12 10:45
1.202121443,2022-5-12 11:00
1.201876335,2022-5-12 11:15
1.204813378,2022-5-12 11:30
1.202220554,2022-5-12 13:15
1.202170275,2022-5-12 13:30
1.201222136,2022-5-12 13:45
1.201324895,2022-5-12 14:00
1.201045225,2022-5-12 14:15
1.202733901,2022-5-12 14:30
1.204551917,2022-5-12 14:45
1.203976636,2022-5-12 15:00
1.189759164,2022-5-13 9:45
1.189759164,2022-5-13 10:00
1.189759164,2022-5-13 10:15
1.189759164,2022-5-13 10:30
1.189759164,2022-5-13 10:45
1.189759164,2022-5-13 11:00
1.189759164,2022-5-13 11:15
1.189759164,2022-5-13 11:30
1.189759164,2022-5-13 13:15
1.189759164,2022-5-13 13:30
1.189759164,2022-5-13 13:45
1.189759164,2022-5-13 14:00
1.189759164,2022-5-13 14:15
1.189759164,2022-5-13 14:30
1.189759164,2022-5-13 14:45
1.189759164,2022-5-13 15:00
1.189759164,2022-5-16 9:45
1.187421813,2022-5-16 10:00
1.187638883,2022-5-16 10:15
1.187603678,2022-5-16 10:30
1.188508094,2022-5-16 10:45
1.188234841,2022-5-16 11:00
1.188448041,2022-5-16 11:15
1.189452265,2022-5-16 11:30
1.188021625,2022-5-16 13:15
1.187390443,2022-5-16 13:30
1.187320584,2022-5-16 13:45
1.187189191,2022-5-16 14:00
1.189612365,2022-5-16 14:15
1.188866514,2022-5-16 14:30
1.189010595,2022-5-16 14:45
1.188646691,2022-5-16 15:00
1.180488209,2022-5-17 9:45
1.176606349,2022-5-17 10:00
1.176606349,2022-5-17 10:15
1.176606349,2022-5-17 10:30
1.176606349,2022-5-17 10:45
1.176606349,2022-5-17 11:00
1.176606349,2022-5-17 11:15
1.176606349,2022-5-17 11:30
1.176606349,2022-5-17 13:15
1.176606349,2022-5-17 13:30
1.176606349,2022-5-17 13:45
1.176606349,2022-5-17 14:00
1.176606349,2022-5-17 14:15
1.176606349,2022-5-17 14:30
1.176606349,2022-5-17 14:45
1.176606349,2022-5-17 15:00
1.176606349,2022-5-18 9:45
1.176606349,2022-5-18 10:00
1.17386222,2022-5-18 10:15
1.174386055,2022-5-18 10:30
1.174862977,2022-5-18 10:45
1.175244167,2022-5-18 11:00
1.17499963,2022-5-18 11:15
1.174003248,2022-5-18 11:30
1.173139327,2022-5-18 13:15
1.173003638,2022-5-18 13:30
1.172949732,2022-5-18 13:45
1.171537455,2022-5-18 14:00
1.171849068,2022-5-18 14:15
1.170395858,2022-5-18 14:30
1.168830897,2022-5-18 14:45
1.167730049,2022-5-18 15:00
1.180021223,2022-5-19 9:45
1.182477598,2022-5-19 10:00
1.180702383,2022-5-19 10:15
1.180230438,2022-5-19 10:30
1.177343584,2022-5-19 10:45
1.177307171,2022-5-19 11:00
1.175993516,2022-5-19 11:15
1.176064126,2022-5-19 11:30
1.175816451,2022-5-19 13:15
1.173826037,2022-5-19 13:30
1.172022623,2022-5-19 13:45
1.171252472,2022-5-19 14:00
1.171614121,2022-5-19 14:15
1.171573167,2022-5-19 14:30
1.170843949,2022-5-19 14:45
1.171084828,2022-5-19 15:00
1.182094175,2022-5-20 9:45
1.180751255,2022-5-20 10:00
1.179869503,2022-5-20 10:15
1.179856354,2022-5-20 10:30
1.179472547,2022-5-20 10:45
1.180502089,2022-5-20 11:00
1.178867521,2022-5-20 11:15
1.181493434,2022-5-20 11:30
1.184107688,2022-5-20 13:15
1.184685904,2022-5-20 13:30
1.184603607,2022-5-20 13:45
1.183862804,2022-5-20 14:00
1.184241154,2022-5-20 14:15
1.184646204,2022-5-20 14:30
1.185087836,2022-5-20 14:45
1.187027882,2022-5-20 15:00
1.183117762,2022-5-23 9:45
1.181899931,2022-5-23 10:00
1.178113738,2022-5-23 10:15
1.177897047,2022-5-23 10:30
1.177568627,2022-5-23 10:45
1.178394939,2022-5-23 11:00
1.177931049,2022-5-23 11:15
1.176789464,2022-5-23 11:30
1.17824826,2022-5-23 13:15
1.180716009,2022-5-23 13:30
1.181084074,2022-5-23 13:45
1.184439041,2022-5-23 14:00
1.181578165,2022-5-23 14:15
1.184116128,2022-5-23 14:30
1.183938909,2022-5-23 14:45
1.183916241,2022-5-23 15:00
1.180291915,2022-5-24 9:45
1.177542775,2022-5-24 10:00
1.178060891,2022-5-24 10:15
1.174434603,2022-5-24 10:30
1.175282771,2022-5-24 10:45
1.170873136,2022-5-24 11:00
1.170916159,2022-5-24 11:15
1.167584602,2022-5-24 11:30
1.168234032,2022-5-24 13:15
1.168408663,2022-5-24 13:30
1.169315989,2022-5-24 13:45
1.168782529,2022-5-24 14:00
1.169432265,2022-5-24 14:15
1.169602596,2022-5-24 14:30
1.174383278,2022-5-24 14:45
1.178366504,2022-5-24 15:00
1.176105698,2022-5-25 9:45
1.17352992,2022-5-25 10:00
1.174077154,2022-5-25 10:15
1.174356208,2022-5-25 10:30
1.176019975,2022-5-25 10:45
1.175079673,2022-5-25 11:00
1.172829141,2022-5-25 11:15
1.173627556,2022-5-25 11:30
1.173976963,2022-5-25 13:15
1.174275319,2022-5-25 13:30
1.173939377,2022-5-25 13:45
1.174153122,2022-5-25 14:00
1.173968871,2022-5-25 14:15
1.174331651,2022-5-25 14:30
1.173890408,2022-5-25 14:45
1.174709842,2022-5-25 15:00
1.16491734,2022-5-26 9:45
1.16491734,2022-5-26 10:00
1.16491734,2022-5-26 10:15
1.16491734,2022-5-26 10:30
1.165714377,2022-5-26 10:45
1.165632239,2022-5-26 11:00
1.165068047,2022-5-26 11:15
1.166754032,2022-5-26 11:30
1.168913747,2022-5-26 13:15
1.169343226,2022-5-26 13:30
1.170349675,2022-5-26 13:45
1.169400309,2022-5-26 14:00
1.168104558,2022-5-26 14:15
1.168747385,2022-5-26 14:30
1.168701198,2022-5-26 14:45
1.169132498,2022-5-26 15:00
1.164467544,2022-5-27 9:45
1.161376657,2022-5-27 10:00
1.160978614,2022-5-27 10:15
1.161737965,2022-5-27 10:30
1.159142247,2022-5-27 10:45
1.159721078,2022-5-27 11:00
1.159536768,2022-5-27 11:15
1.159018085,2022-5-27 11:30
1.157769045,2022-5-27 13:15
1.154327089,2022-5-27 13:30
1.154327089,2022-5-27 13:45
1.154327089,2022-5-27 14:00
1.154327089,2022-5-27 14:15
1.154327089,2022-5-27 14:30
1.154327089,2022-5-27 14:45
1.154327089,2022-5-27 15:00
1.154327089,2022-5-30 9:45
1.154327089,2022-5-30 10:00
1.154327089,2022-5-30 10:15
1.154327089,2022-5-30 10:30
1.154327089,2022-5-30 10:45
1.154327089,2022-5-30 11:00
1.154438418,2022-5-30 11:15
1.154505229,2022-5-30 11:30
1.154377455,2022-5-30 13:15
1.153923505,2022-5-30 13:30
1.153738579,2022-5-30 13:45
1.153820518,2022-5-30 14:00
1.153970112,2022-5-30 14:15
1.154369082,2022-5-30 14:30
1.154578144,2022-5-30 14:45
1.154887737,2022-5-30 15:00
1.151843084,2022-5-31 9:45
1.15234843,2022-5-31 10:00
1.151304622,2022-5-31 10:15
1.152934798,2022-5-31 10:30
1.154296627,2022-5-31 10:45
1.154232156,2022-5-31 11:00
1.153473681,2022-5-31 11:15
1.155384359,2022-5-31 11:30
1.153905366,2022-5-31 13:15
1.155868573,2022-5-31 13:30
1.152432101,2022-5-31 13:45
1.154399687,2022-5-31 14:00
1.155216454,2022-5-31 14:15
1.15716892,2022-5-31 14:30
1.157167362,2022-5-31 14:45
1.155418622,2022-5-31 15:00
1.153087434,2022-6-1 9:45
1.154695499,2022-6-1 10:00
1.156342431,2022-6-1 10:15
1.151878073,2022-6-1 10:30
1.154156196,2022-6-1 10:45
1.15206485,2022-6-1 11:00
1.149310998,2022-6-1 11:15
1.153050314,2022-6-1 11:30
1.152591171,2022-6-1 13:15
1.150530248,2022-6-1 13:30
1.146951411,2022-6-1 13:45
1.148444386,2022-6-1 14:00
1.148378714,2022-6-1 14:15
1.150124815,2022-6-1 14:30
1.153626146,2022-6-1 14:45
1.153516371,2022-6-1 15:00
1.146692793,2022-6-2 9:45
1.146112597,2022-6-2 10:00
1.149389349,2022-6-2 10:15
1.148350595,2022-6-2 10:30
1.150045591,2022-6-2 10:45
1.146419247,2022-6-2 11:00
1.150422105,2022-6-2 11:15
1.154915556,2022-6-2 11:30
1.15462909,2022-6-2 13:15
1.154238895,2022-6-2 13:30
1.155160109,2022-6-2 13:45
1.158860609,2022-6-2 14:00
1.162107716,2022-6-2 14:15
1.159159224,2022-6-2 14:30
1.163486376,2022-6-2 14:45
1.162807112,2022-6-2 15:00
1.164869726,2022-6-6 9:45
1.162303845,2022-6-6 10:00
1.170198039,2022-6-6 10:15
1.175044927,2022-6-6 10:30
1.185765256,2022-6-6 10:45
1.192364585,2022-6-6 11:00
1.199616707,2022-6-6 11:15
1.209241517,2022-6-6 11:30
1.201545571,2022-6-6 13:15
1.200043831,2022-6-6 13:30
1.199660643,2022-6-6 13:45
1.200029493,2022-6-6 14:00
1.203384811,2022-6-6 14:15
1.201206464,2022-6-6 14:30
1.207044072,2022-6-6 14:45
1.207445516,2022-6-6 15:00
1.208491944,2022-6-7 9:45
1.19277799,2022-6-7 10:00
1.183228326,2022-6-7 10:15
1.197968114,2022-6-7 10:30
1.198304162,2022-6-7 10:45
1.207121149,2022-6-7 11:00
1.207121149,2022-6-7 11:15
1.207121149,2022-6-7 11:30
1.207121149,2022-6-7 13:15
1.207121149,2022-6-7 13:30
1.207121149,2022-6-7 13:45
1.207121149,2022-6-7 14:00
1.207121149,2022-6-7 14:15
1.207121149,2022-6-7 14:30
1.207121149,2022-6-7 14:45
1.207121149,2022-6-7 15:00
1.207121149,2022-6-8 9:45
1.208031386,2022-6-8 10:00
1.208090186,2022-6-8 10:15
1.205722004,2022-6-8 10:30
1.205506409,2022-6-8 10:45
1.205582135,2022-6-8 11:00
1.2159692,2022-6-8 11:15
1.220744533,2022-6-8 11:30
1.217689496,2022-6-8 13:15
1.219024704,2022-6-8 13:30
1.217523542,2022-6-8 13:45
1.217942278,2022-6-8 14:00
1.217566105,2022-6-8 14:15
1.217970827,2022-6-8 14:30
1.217326367,2022-6-8 14:45
1.217804294,2022-6-8 15:00
1.217033112,2022-6-9 9:45
1.21621393,2022-6-9 10:00
1.215865093,2022-6-9 10:15
1.218148396,2022-6-9 10:30
1.217746453,2022-6-9 10:45
1.217746834,2022-6-9 11:00
1.217307771,2022-6-9 11:15
1.218224886,2022-6-9 11:30
1.220058182,2022-6-9 13:15
1.222366765,2022-6-9 13:30
1.218657819,2022-6-9 13:45
1.222160357,2022-6-9 14:00
1.218667093,2022-6-9 14:15
1.219020313,2022-6-9 14:30
1.21804964,2022-6-9 14:45
1.218685569,2022-6-9 15:00
1.218217362,2022-6-10 9:45
1.218831763,2022-6-10 10:00
1.219416299,2022-6-10 10:15
1.217810748,2022-6-10 10:30
1.217539933,2022-6-10 10:45
1.216459339,2022-6-10 11:00
1.216683891,2022-6-10 11:15
1.216290823,2022-6-10 11:30
1.215648627,2022-6-10 13:15
1.215667891,2022-6-10 13:30
1.215938982,2022-6-10 13:45
1.21619334,2022-6-10 14:00
1.216739132,2022-6-10 14:15
1.217827215,2022-6-10 14:30
1.217918283,2022-6-10 14:45
1.21751719,2022-6-10 15:00
1.214959776,2022-6-13 9:45
1.21642068,2022-6-13 10:00
1.215191605,2022-6-13 10:15
1.220014176,2022-6-13 10:30
1.220622563,2022-6-13 10:45
1.2206717,2022-6-13 11:00
1.220706716,2022-6-13 11:15
1.2202531,2022-6-13 11:30
1.220488873,2022-6-13 13:15
1.220417096,2022-6-13 13:30
1.219678192,2022-6-13 13:45
1.220334746,2022-6-13 14:00
1.221464634,2022-6-13 14:15
1.22163226,2022-6-13 14:30
1.223133843,2022-6-13 14:45
1.223761446,2022-6-13 15:00
1.238089094,2022-6-14 9:45
1.237305978,2022-6-14 10:00
1.234092366,2022-6-14 10:15
1.235417424,2022-6-14 10:30
1.237655299,2022-6-14 10:45
1.245753737,2022-6-14 11:00
1.250405166,2022-6-14 11:15
1.251049302,2022-6-14 11:30
1.24794662,2022-6-14 13:15
1.248429051,2022-6-14 13:30
1.247391376,2022-6-14 13:45
1.247504746,2022-6-14 14:00
1.248259742,2022-6-14 14:15
1.248118547,2022-6-14 14:30
1.252062779,2022-6-14 14:45
1.25677414,2022-6-14 15:00
1.262627902,2022-6-15 9:45
1.259506142,2022-6-15 10:00
1.260043227,2022-6-15 10:15
1.260364269,2022-6-15 10:30
1.260848399,2022-6-15 10:45
1.259894211,2022-6-15 11:00
1.259430517,2022-6-15 11:15
1.260808317,2022-6-15 11:30
1.266695439,2022-6-15 13:15
1.268586643,2022-6-15 13:30
1.268782306,2022-6-15 13:45
1.268099045,2022-6-15 14:00
1.263325849,2022-6-15 14:15
1.261472997,2022-6-15 14:30
1.259493482,2022-6-15 14:45
1.258809495,2022-6-15 15:00
1.261006654,2022-6-16 9:45
1.25890824,2022-6-16 10:00
1.259180127,2022-6-16 10:15
1.258974681,2022-6-16 10:30
1.258974681,2022-6-16 10:45
1.258974681,2022-6-16 11:00
1.258974681,2022-6-16 11:15
1.258974681,2022-6-16 11:30
1.258974681,2022-6-16 13:15
1.258974681,2022-6-16 13:30
1.258974681,2022-6-16 13:45
1.258974681,2022-6-16 14:00
1.258974681,2022-6-16 14:15
1.258983695,2022-6-16 14:30
1.259119696,2022-6-16 14:45
1.259096526,2022-6-16 15:00
1.256587598,2022-6-17 9:45
1.257708897,2022-6-17 10:00
1.256939437,2022-6-17 10:15
1.256942981,2022-6-17 10:30
1.256870717,2022-6-17 10:45
1.261166445,2022-6-17 11:00
1.260521946,2022-6-17 11:15
1.261013178,2022-6-17 11:30
1.261333764,2022-6-17 13:15
1.261769675,2022-6-17 13:30
1.262908731,2022-6-17 13:45
1.262383612,2022-6-17 14:00
1.262460393,2022-6-17 14:15
1.262737405,2022-6-17 14:30
1.263217473,2022-6-17 14:45
1.263399331,2022-6-17 15:00
1.257263329,2022-6-20 9:45
1.2550999,2022-6-20 10:00
1.256178078,2022-6-20 10:15
1.253151698,2022-6-20 10:30
1.253657727,2022-6-20 10:45
1.254905023,2022-6-20 11:00
1.254976726,2022-6-20 11:15
1.252444732,2022-6-20 11:30
1.25263108,2022-6-20 13:15
1.252908052,2022-6-20 13:30
1.253775639,2022-6-20 13:45
1.253436482,2022-6-20 14:00
1.252477923,2022-6-20 14:15
1.252744493,2022-6-20 14:30
1.251552234,2022-6-20 14:45
1.251467764,2022-6-20 15:00
1.240688163,2022-6-21 9:45
1.240688163,2022-6-21 10:00
1.240688163,2022-6-21 10:15
1.240688163,2022-6-21 10:30
1.240327485,2022-6-21 10:45
1.237723989,2022-6-21 11:00
1.237220398,2022-6-21 11:15
1.237222768,2022-6-21 11:30
1.234096004,2022-6-21 13:15
1.234360035,2022-6-21 13:30
1.234310522,2022-6-21 13:45
1.234596604,2022-6-21 14:00
1.236989552,2022-6-21 14:15
1.235363697,2022-6-21 14:30
1.233544813,2022-6-21 14:45
1.231214582,2022-6-21 15:00
1.227707471,2022-6-22 9:45
1.227707471,2022-6-22 10:00
1.227707471,2022-6-22 10:15
1.227405349,2022-6-22 10:30
1.227401883,2022-6-22 10:45
1.228344632,2022-6-22 11:00
1.229135744,2022-6-22 11:15
1.227613264,2022-6-22 11:30
1.225165404,2022-6-22 13:15
1.224428862,2022-6-22 13:30
1.224021751,2022-6-22 13:45
1.22484535,2022-6-22 14:00
1.226061355,2022-6-22 14:15
1.22826236,2022-6-22 14:30
1.231252483,2022-6-22 14:45
1.22757148,2022-6-22 15:00
1.223465273,2022-6-23 9:45
1.226295725,2022-6-23 10:00
1.225871336,2022-6-23 10:15
1.229488235,2022-6-23 10:30
1.225071817,2022-6-23 10:45
1.223621325,2022-6-23 11:00
1.221978668,2022-6-23 11:15
1.221544814,2022-6-23 11:30
1.221553025,2022-6-23 13:15
1.219405886,2022-6-23 13:30
1.22055458,2022-6-23 13:45
1.219807798,2022-6-23 14:00
1.220987626,2022-6-23 14:15
1.219856594,2022-6-23 14:30
1.220119061,2022-6-23 14:45
1.220314616,2022-6-23 15:00
1.220208609,2022-6-24 9:45
1.220380352,2022-6-24 10:00
1.223510088,2022-6-24 10:15
1.223828837,2022-6-24 10:30
1.223979197,2022-6-24 10:45
1.217641097,2022-6-24 11:00
1.218962835,2022-6-24 11:15
1.214770747,2022-6-24 11:30
1.214770747,2022-6-24 13:15
1.2141027,2022-6-24 13:30
1.21234053,2022-6-24 13:45
1.213605376,2022-6-24 14:00
1.213645751,2022-6-24 14:15
1.213302849,2022-6-24 14:30
1.212257077,2022-6-24 14:45
1.212457378,2022-6-24 15:00
1.213094934,2022-6-27 9:45
1.211883438,2022-6-27 10:00
1.210663975,2022-6-27 10:15
1.214926083,2022-6-27 10:30
1.21701009,2022-6-27 10:45
1.214511761,2022-6-27 11:00
1.215739292,2022-6-27 11:15
1.211145686,2022-6-27 11:30
1.212527034,2022-6-27 13:15
1.21025105,2022-6-27 13:30
1.211331025,2022-6-27 13:45
1.212274466,2022-6-27 14:00
1.212048878,2022-6-27 14:15
1.212336788,2022-6-27 14:30
1.212510023,2022-6-27 14:45
1.211689719,2022-6-27 15:00
1.207633625,2022-6-28 9:45
1.207567883,2022-6-28 10:00
1.208338107,2022-6-28 10:15
1.204158465,2022-6-28 10:30
1.204158465,2022-6-28 10:45
1.204158465,2022-6-28 11:00
1.203236274,2022-6-28 11:15
1.202105728,2022-6-28 11:30
1.202689274,2022-6-28 13:15
1.202064843,2022-6-28 13:30
1.202031533,2022-6-28 13:45
1.201459937,2022-6-28 14:00
1.20193409,2022-6-28 14:15
1.205370305,2022-6-28 14:30
1.204701488,2022-6-28 14:45
1.204025422,2022-6-28 15:00
1.196587812,2022-6-29 9:45
1.195624133,2022-6-29 10:00
1.195735425,2022-6-29 10:15
1.196072315,2022-6-29 10:30
1.202794105,2022-6-29 10:45
1.197903495,2022-6-29 11:00
1.197901386,2022-6-29 11:15
1.196744795,2022-6-29 11:30
1.198286366,2022-6-29 13:15
1.197853779,2022-6-29 13:30
1.198248062,2022-6-29 13:45
1.198406573,2022-6-29 14:00
1.198543336,2022-6-29 14:15
1.196577723,2022-6-29 14:30
1.202403468,2022-6-29 14:45
1.204910416,2022-6-29 15:00
1.20740843,2022-6-30 9:45
1.207564055,2022-6-30 10:00
1.20753329,2022-6-30 10:15
1.207773515,2022-6-30 10:30
1.208049284,2022-6-30 10:45
1.209782187,2022-6-30 11:00
1.209705111,2022-6-30 11:15
1.210330256,2022-6-30 11:30
1.210131236,2022-6-30 13:15
1.208543209,2022-6-30 13:30
1.207466976,2022-6-30 13:45
1.206200126,2022-6-30 14:00
1.206938726,2022-6-30 14:15
1.203885526,2022-6-30 14:30
1.205073219,2022-6-30 14:45
1.205401498,2022-6-30 15:00
1.20047327,2022-7-1 9:45
1.199696216,2022-7-1 10:00
1.201486217,2022-7-1 10:15
1.200840765,2022-7-1 10:30
1.202539538,2022-7-1 10:45
1.201085156,2022-7-1 11:00
1.202538767,2022-7-1 11:15
1.200520661,2022-7-1 11:30
1.200571672,2022-7-1 13:15
1.200436565,2022-7-1 13:30
1.200375257,2022-7-1 13:45
1.199670202,2022-7-1 14:00
1.200531426,2022-7-1 14:15
1.199934257,2022-7-1 14:30
1.199710147,2022-7-1 14:45
1.199773937,2022-7-1 15:00
1.18578251,2022-7-4 9:45
1.18578251,2022-7-4 10:00
1.18765164,2022-7-4 10:15
1.18709993,2022-7-4 10:30
1.186403786,2022-7-4 10:45
1.186414061,2022-7-4 11:00
1.187624755,2022-7-4 11:15
1.187903316,2022-7-4 11:30
1.188287833,2022-7-4 13:15
1.186681502,2022-7-4 13:30
1.187062478,2022-7-4 13:45
1.185989113,2022-7-4 14:00
1.186536763,2022-7-4 14:15
1.186156218,2022-7-4 14:30
1.186417152,2022-7-4 14:45
1.186532741,2022-7-4 15:00
1.186199734,2022-7-5 9:45
1.186497902,2022-7-5 10:00
1.186385854,2022-7-5 10:15
1.186076773,2022-7-5 10:30
1.186259753,2022-7-5 10:45
1.185546488,2022-7-5 11:00
1.186515075,2022-7-5 11:15
1.187153651,2022-7-5 11:30
1.187711648,2022-7-5 13:15
1.1884565,2022-7-5 13:30
1.189990801,2022-7-5 13:45
1.190619998,2022-7-5 14:00
1.190176691,2022-7-5 14:15
1.189660012,2022-7-5 14:30
1.190525333,2022-7-5 14:45
1.192050221,2022-7-5 15:00
1.192228446,2022-7-6 9:45
1.192247185,2022-7-6 10:00
1.192538459,2022-7-6 10:15
1.191969857,2022-7-6 10:30
1.190140316,2022-7-6 10:45
1.19108515,2022-7-6 11:00
1.190236715,2022-7-6 11:15
1.19043917,2022-7-6 11:30
1.188747166,2022-7-6 13:15
1.189395056,2022-7-6 13:30
1.188810627,2022-7-6 13:45
1.190097714,2022-7-6 14:00
1.192126594,2022-7-6 14:15
1.191977933,2022-7-6 14:30
1.187258118,2022-7-6 14:45
1.187391425,2022-7-6 15:00
1.17855739,2022-7-7 9:45
1.177948926,2022-7-7 10:00
1.177380214,2022-7-7 10:15
1.177559337,2022-7-7 10:30
1.176369482,2022-7-7 10:45
1.176023521,2022-7-7 11:00
1.176172119,2022-7-7 11:15
1.176684487,2022-7-7 11:30
1.17669701,2022-7-7 13:15
1.176429449,2022-7-7 13:30
1.176672939,2022-7-7 13:45
1.176536813,2022-7-7 14:00
1.176655504,2022-7-7 14:15
1.176758861,2022-7-7 14:30
1.174786806,2022-7-7 14:45
1.174786806,2022-7-7 15:00
1.174971558,2022-7-8 9:45
1.175116555,2022-7-8 10:00
1.17545654,2022-7-8 10:15
1.175800752,2022-7-8 10:30
1.175767683,2022-7-8 10:45
1.176095512,2022-7-8 11:00
1.175900586,2022-7-8 11:15
1.176270555,2022-7-8 11:30
1.175591297,2022-7-8 13:15
1.1758449,2022-7-8 13:30
1.177253729,2022-7-8 13:45
1.176452461,2022-7-8 14:00
1.176515459,2022-7-8 14:15
1.17710564,2022-7-8 14:30
1.177052712,2022-7-8 14:45
1.177561274,2022-7-8 15:00
1.184357094,2022-7-11 9:45
1.190123807,2022-7-11 10:00
1.187238471,2022-7-11 10:15
1.189798621,2022-7-11 10:30
1.191411288,2022-7-11 10:45
1.195468056,2022-7-11 11:00
1.194302181,2022-7-11 11:15
1.193423777,2022-7-11 11:30
1.194506292,2022-7-11 13:15
1.19850897,2022-7-11 13:30
1.194555569,2022-7-11 13:45
1.19764715,2022-7-11 14:00
1.196535669,2022-7-11 14:15
1.193061425,2022-7-11 14:30
1.19247948,2022-7-11 14:45
1.193004814,2022-7-11 15:00
1.194513491,2022-7-12 9:45
1.194404793,2022-7-12 10:00
1.194791515,2022-7-12 10:15
1.196415702,2022-7-12 10:30
1.196415702,2022-7-12 10:45
1.196415702,2022-7-12 11:00
1.196415702,2022-7-12 11:15
1.196415702,2022-7-12 11:30
1.196415702,2022-7-12 13:15
1.196415702,2022-7-12 13:30
1.196415702,2022-7-12 13:45
1.196415702,2022-7-12 14:00
1.196415702,2022-7-12 14:15
1.196415702,2022-7-12 14:30
1.196415702,2022-7-12 14:45
1.196415702,2022-7-12 15:00
1.196415702,2022-7-13 9:45
1.196415702,2022-7-13 10:00
1.196415702,2022-7-13 10:15
1.196415702,2022-7-13 10:30
1.196415702,2022-7-13 10:45
1.196415702,2022-7-13 11:00
1.196415702,2022-7-13 11:15
1.196415702,2022-7-13 11:30
1.196372456,2022-7-13 13:15
1.196798359,2022-7-13 13:30
1.19658287,2022-7-13 13:45
1.196759564,2022-7-13 14:00
1.195974485,2022-7-13 14:15
1.195561446,2022-7-13 14:30
1.194412343,2022-7-13 14:45
1.193387841,2022-7-13 15:00
1.19201303,2022-7-14 9:45
1.192106875,2022-7-14 10:00
1.191170679,2022-7-14 10:15
1.191114128,2022-7-14 10:30
1.191630619,2022-7-14 10:45
1.19164377,2022-7-14 11:00
1.192607744,2022-7-14 11:15
1.191932269,2022-7-14 11:30
1.191630996,2022-7-14 13:15
1.191076255,2022-7-14 13:30
1.19057813,2022-7-14 13:45
1.191233205,2022-7-14 14:00
1.19096378,2022-7-14 14:15
1.190514367,2022-7-14 14:30
1.190455545,2022-7-14 14:45
1.190541775,2022-7-14 15:00
1.189201531,2022-7-15 9:45
1.189489084,2022-7-15 10:00
1.189095067,2022-7-15 10:15
1.189650596,2022-7-15 10:30
1.190045295,2022-7-15 10:45
1.189377209,2022-7-15 11:00
1.189313248,2022-7-15 11:15
1.1893572,2022-7-15 11:30
1.189063467,2022-7-15 13:15
1.189130294,2022-7-15 13:30
1.189805855,2022-7-15 13:45
1.189392404,2022-7-15 14:00
1.18970977,2022-7-15 14:15
1.189973984,2022-7-15 14:30
1.191248251,2022-7-15 14:45
1.19558109,2022-7-15 15:00
1.185672337,2022-7-18 9:45
1.185672337,2022-7-18 10:00
1.184216734,2022-7-18 10:15
1.183775785,2022-7-18 10:30
1.185790587,2022-7-18 10:45
1.188047153,2022-7-18 11:00
1.189134008,2022-7-18 11:15
1.19324116,2022-7-18 11:30
1.192674424,2022-7-18 13:15
1.192231979,2022-7-18 13:30
1.192431708,2022-7-18 13:45
1.193695915,2022-7-18 14:00
1.19251756,2022-7-18 14:15
1.193520293,2022-7-18 14:30
1.188390762,2022-7-18 14:45
1.18981941,2022-7-18 15:00
1.188803752,2022-7-19 9:45
1.18730212,2022-7-19 10:00
1.188078742,2022-7-19 10:15
1.184519095,2022-7-19 10:30
1.185152007,2022-7-19 10:45
1.182713763,2022-7-19 11:00
1.182039473,2022-7-19 11:15
1.177625908,2022-7-19 11:30
1.178008988,2022-7-19 13:15
1.174265564,2022-7-19 13:30
1.174265564,2022-7-19 13:45
1.174265564,2022-7-19 14:00
1.173364838,2022-7-19 14:15
1.173596874,2022-7-19 14:30
1.171423284,2022-7-19 14:45
1.171551896,2022-7-19 15:00
1.180787342,2022-7-20 9:45
1.180069159,2022-7-20 10:00
1.180119429,2022-7-20 10:15
1.181795583,2022-7-20 10:30
1.180250961,2022-7-20 10:45
1.177764137,2022-7-20 11:00
1.176784009,2022-7-20 11:15
1.177066677,2022-7-20 11:30
1.177560771,2022-7-20 13:15
1.175862345,2022-7-20 13:30
1.17547604,2022-7-20 13:45
1.17631208,2022-7-20 14:00
1.176354119,2022-7-20 14:15
1.17758038,2022-7-20 14:30
1.177429745,2022-7-20 14:45
1.178276186,2022-7-20 15:00
1.176316224,2022-7-21 9:45
1.173592161,2022-7-21 10:00
1.174326722,2022-7-21 10:15
1.173046499,2022-7-21 10:30
1.171468171,2022-7-21 10:45
1.170877778,2022-7-21 11:00
1.171394327,2022-7-21 11:15
1.172237526,2022-7-21 11:30
1.171550067,2022-7-21 13:15
1.171065785,2022-7-21 13:30
1.171516559,2022-7-21 13:45
1.170267874,2022-7-21 14:00
1.172642437,2022-7-21 14:15
1.170501946,2022-7-21 14:30
1.17038233,2022-7-21 14:45
1.169402538,2022-7-21 15:00
1.167016019,2022-7-22 9:45
1.169018354,2022-7-22 10:00
1.167830963,2022-7-22 10:15
1.168307315,2022-7-22 10:30
1.167865522,2022-7-22 10:45
1.169034231,2022-7-22 11:00
1.168248895,2022-7-22 11:15
1.173142673,2022-7-22 11:30
1.171301424,2022-7-22 13:15
1.172153591,2022-7-22 13:30
1.179429627,2022-7-22 13:45
1.177515271,2022-7-22 14:00
1.177900901,2022-7-22 14:15
1.176126046,2022-7-22 14:30
1.179343825,2022-7-22 14:45
1.176199867,2022-7-22 15:00
1.170443832,2022-7-25 9:45
1.171196429,2022-7-25 10:00
1.171771732,2022-7-25 10:15
1.170643273,2022-7-25 10:30
1.170025989,2022-7-25 10:45
1.169424681,2022-7-25 11:00
1.172134076,2022-7-25 11:15
1.176040909,2022-7-25 11:30
1.175642601,2022-7-25 13:15
1.178411426,2022-7-25 13:30
1.177288077,2022-7-25 13:45
1.17867064,2022-7-25 14:00
1.175431291,2022-7-25 14:15
1.177253393,2022-7-25 14:30
1.176003619,2022-7-25 14:45
1.17671758,2022-7-25 15:00
1.174651567,2022-7-26 9:45
1.171911787,2022-7-26 10:00
1.171650738,2022-7-26 10:15
1.172139398,2022-7-26 10:30
1.171317365,2022-7-26 10:45
1.172138674,2022-7-26 11:00
1.171142192,2022-7-26 11:15
1.17260761,2022-7-26 11:30
1.171600648,2022-7-26 13:15
1.171720861,2022-7-26 13:30
1.172712365,2022-7-26 13:45
1.171647659,2022-7-26 14:00
1.171287247,2022-7-26 14:15
1.170929385,2022-7-26 14:30
1.170476162,2022-7-26 14:45
1.170406681,2022-7-26 15:00
1.164507299,2022-7-27 9:45
1.163288638,2022-7-27 10:00
1.163288638,2022-7-27 10:15
1.163288638,2022-7-27 10:30
1.163570167,2022-7-27 10:45
1.16347532,2022-7-27 11:00
1.163215769,2022-7-27 11:15
1.163236369,2022-7-27 11:30
1.163186316,2022-7-27 13:15
1.162753987,2022-7-27 13:30
1.163623789,2022-7-27 13:45
1.163691119,2022-7-27 14:00
1.164203474,2022-7-27 14:15
1.163730831,2022-7-27 14:30
1.164170543,2022-7-27 14:45
1.164237723,2022-7-27 15:00
1.166306631,2022-7-28 9:45
1.16667111,2022-7-28 10:00
1.166540635,2022-7-28 10:15
1.17185828,2022-7-28 10:30
1.171381962,2022-7-28 10:45
1.172612634,2022-7-28 11:00
1.17171623,2022-7-28 11:15
1.169867397,2022-7-28 11:30
1.169559502,2022-7-28 13:15
1.169447243,2022-7-28 13:30
1.170030032,2022-7-28 13:45
1.169080945,2022-7-28 14:00
1.167815173,2022-7-28 14:15
1.168230142,2022-7-28 14:30
1.165878396,2022-7-28 14:45
1.165397063,2022-7-28 15:00
1.16282393,2022-7-29 9:45
1.161162988,2022-7-29 10:00
1.160315104,2022-7-29 10:15
1.160189842,2022-7-29 10:30
1.160753498,2022-7-29 10:45
1.160047452,2022-7-29 11:00
1.159950186,2022-7-29 11:15
1.157498209,2022-7-29 11:30
1.159156777,2022-7-29 13:15
1.158616804,2022-7-29 13:30
1.156008341,2022-7-29 13:45
1.155697972,2022-7-29 14:00
1.156404382,2022-7-29 14:15
1.156128581,2022-7-29 14:30
1.150909364,2022-7-29 14:45
1.150909364,2022-7-29 15:00
1.150909364,2022-8-1 9:45
1.150909364,2022-8-1 10:00
1.150909364,2022-8-1 10:15
1.150909364,2022-8-1 10:30
1.150909364,2022-8-1 10:45
1.150909364,2022-8-1 11:00
1.150909364,2022-8-1 11:15
1.150909364,2022-8-1 11:30
1.150909364,2022-8-1 13:15
1.150909364,2022-8-1 13:30
1.150909364,2022-8-1 13:45
1.150909364,2022-8-1 14:00
1.150909364,2022-8-1 14:15
1.150909364,2022-8-1 14:30
1.150909364,2022-8-1 14:45
1.150909364,2022-8-1 15:00
1.150909364,2022-8-2 9:45
1.152119018,2022-8-2 10:00
1.149379445,2022-8-2 10:15
1.149677052,2022-8-2 10:30
1.155148891,2022-8-2 10:45
1.156396287,2022-8-2 11:00
1.156676897,2022-8-2 11:15
1.158593945,2022-8-2 11:30
1.157268862,2022-8-2 13:15
1.157319519,2022-8-2 13:30
1.157273669,2022-8-2 13:45
1.157108869,2022-8-2 14:00
1.159420214,2022-8-2 14:15
1.159824762,2022-8-2 14:30
1.160025115,2022-8-2 14:45
1.162000119,2022-8-2 15:00
1.168176786,2022-8-3 9:45
1.166630533,2022-8-3 10:00
1.167366809,2022-8-3 10:15
1.166611383,2022-8-3 10:30
1.166640249,2022-8-3 10:45
1.166591557,2022-8-3 11:00
1.166636908,2022-8-3 11:15
1.167309235,2022-8-3 11:30
1.167207982,2022-8-3 13:15
1.167776143,2022-8-3 13:30
1.167535607,2022-8-3 13:45
1.167174394,2022-8-3 14:00
1.167044371,2022-8-3 14:15
1.167818993,2022-8-3 14:30
1.173220311,2022-8-3 14:45
1.172371283,2022-8-3 15:00
1.166749905,2022-8-4 9:45
1.167848443,2022-8-4 10:00
1.166837197,2022-8-4 10:15
1.16621833,2022-8-4 10:30
1.166868541,2022-8-4 10:45
1.166756346,2022-8-4 11:00
1.167219058,2022-8-4 11:15
1.169545502,2022-8-4 11:30
1.174675793,2022-8-4 13:15
1.172652255,2022-8-4 13:30
1.170287899,2022-8-4 13:45
1.171351127,2022-8-4 14:00
1.169549896,2022-8-4 14:15
1.169761886,2022-8-4 14:30
1.169395144,2022-8-4 14:45
1.169123208,2022-8-4 15:00
1.165361491,2022-8-5 9:45
1.165449479,2022-8-5 10:00
1.16541317,2022-8-5 10:15
1.165435766,2022-8-5 10:30
1.164824315,2022-8-5 10:45
1.164791081,2022-8-5 11:00
1.1647558,2022-8-5 11:15
1.164795232,2022-8-5 11:30
1.164525211,2022-8-5 13:15
1.164509938,2022-8-5 13:30
1.164242731,2022-8-5 13:45
1.165775963,2022-8-5 14:00
1.168943646,2022-8-5 14:15
1.169003112,2022-8-5 14:30
1.169693993,2022-8-5 14:45
1.170166198,2022-8-5 15:00
1.158956647,2022-8-8 9:45
1.157887276,2022-8-8 10:00
1.158974736,2022-8-8 10:15
1.159523221,2022-8-8 10:30
1.159342991,2022-8-8 10:45
1.161155243,2022-8-8 11:00
1.160069134,2022-8-8 11:15
1.161699631,2022-8-8 11:30
1.163081292,2022-8-8 13:15
1.160898413,2022-8-8 13:30
1.160639337,2022-8-8 13:45
1.1613863,2022-8-8 14:00
1.162688934,2022-8-8 14:15
1.164165312,2022-8-8 14:30
1.164360464,2022-8-8 14:45
1.164868079,2022-8-8 15:00
1.139963162,2022-8-9 9:45
1.139963162,2022-8-9 10:00
1.139963162,2022-8-9 10:15
1.139963162,2022-8-9 10:30
1.139963162,2022-8-9 10:45
1.139963162,2022-8-9 11:00
1.139963162,2022-8-9 11:15
1.139963162,2022-8-9 11:30
1.139963162,2022-8-9 13:15
1.139963162,2022-8-9 13:30
1.139963162,2022-8-9 13:45
1.139963162,2022-8-9 14:00
1.139963162,2022-8-9 14:15
1.139963162,2022-8-9 14:30
1.139963162,2022-8-9 14:45
1.139963162,2022-8-9 15:00
1.139963162,2022-8-10 9:45
1.139963162,2022-8-10 10:00
1.139963162,2022-8-10 10:15
1.139963162,2022-8-10 10:30
1.139963162,2022-8-10 10:45
1.139963162,2022-8-10 11:00
1.139963162,2022-8-10 11:15
1.139963162,2022-8-10 11:30
1.139963162,2022-8-10 13:15
1.139963162,2022-8-10 13:30
1.139963162,2022-8-10 13:45
1.139963162,2022-8-10 14:00
1.139963162,2022-8-10 14:15
1.139963162,2022-8-10 14:30
1.139963162,2022-8-10 14:45
1.139963162,2022-8-10 15:00
1.139963162,2022-8-11 9:45
1.140266586,2022-8-11 10:00
1.140306371,2022-8-11 10:15
1.140149087,2022-8-11 10:30
1.13983809,2022-8-11 10:45
1.140525202,2022-8-11 11:00
1.145483107,2022-8-11 11:15
1.14463521,2022-8-11 11:30
1.140873249,2022-8-11 13:15
1.141052081,2022-8-11 13:30
1.139451753,2022-8-11 13:45
1.140286855,2022-8-11 14:00
1.139400558,2022-8-11 14:15
1.139456411,2022-8-11 14:30
1.139651486,2022-8-11 14:45
1.13824345,2022-8-11 15:00
1.132130642,2022-8-12 9:45
1.135167733,2022-8-12 10:00
1.137097979,2022-8-12 10:15
1.135820623,2022-8-12 10:30
1.138050086,2022-8-12 10:45
1.139387829,2022-8-12 11:00
1.135332794,2022-8-12 11:15
1.134549185,2022-8-12 11:30
1.133014922,2022-8-12 13:15
1.135770417,2022-8-12 13:30
1.133112607,2022-8-12 13:45
1.128731136,2022-8-12 14:00
1.128731136,2022-8-12 14:15
1.128731136,2022-8-12 14:30
1.128731136,2022-8-12 14:45
1.128731136,2022-8-12 15:00
1.128731136,2022-8-15 9:45
1.128731136,2022-8-15 10:00
1.132581885,2022-8-15 10:15
1.129589879,2022-8-15 10:30
1.130290791,2022-8-15 10:45
1.12882922,2022-8-15 11:00
1.12911907,2022-8-15 11:15
1.129169113,2022-8-15 11:30
1.129115802,2022-8-15 13:15
1.128737208,2022-8-15 13:30
1.128706913,2022-8-15 13:45
1.128314371,2022-8-15 14:00
1.12921108,2022-8-15 14:15
1.12783247,2022-8-15 14:30
1.127853908,2022-8-15 14:45
1.127552413,2022-8-15 15:00
1.124033695,2022-8-16 9:45
1.125124309,2022-8-16 10:00
1.126187947,2022-8-16 10:15
1.124422271,2022-8-16 10:30
1.1247464,2022-8-16 10:45
1.124145984,2022-8-16 11:00
1.123177041,2022-8-16 11:15
1.122631415,2022-8-16 11:30
1.122334586,2022-8-16 13:15
1.122346708,2022-8-16 13:30
1.122886467,2022-8-16 13:45
1.124301409,2022-8-16 14:00
1.125213833,2022-8-16 14:15
1.122906423,2022-8-16 14:30
1.12368476,2022-8-16 14:45
1.124373739,2022-8-16 15:00
1.122225394,2022-8-17 9:45
1.122412576,2022-8-17 10:00
1.122904103,2022-8-17 10:15
1.121286241,2022-8-17 10:30
1.123105666,2022-8-17 10:45
1.124574892,2022-8-17 11:00
1.123968339,2022-8-17 11:15
1.125178718,2022-8-17 11:30
1.12837146,2022-8-17 13:15
1.12649189,2022-8-17 13:30
1.12701057,2022-8-17 13:45
1.131737037,2022-8-17 14:00
1.130575961,2022-8-17 14:15
1.130513479,2022-8-17 14:30
1.129645629,2022-8-17 14:45
1.129857204,2022-8-17 15:00
1.119550069,2022-8-18 9:45
1.11813317,2022-8-18 10:00
1.11813317,2022-8-18 10:15
1.120013974,2022-8-18 10:30
1.1192142,2022-8-18 10:45
1.118504242,2022-8-18 11:00
1.111106336,2022-8-18 11:15
1.110005646,2022-8-18 11:30
1.109056982,2022-8-18 13:15
1.108976886,2022-8-18 13:30
1.108976664,2022-8-18 13:45
1.108885473,2022-8-18 14:00
1.108757183,2022-8-18 14:15
1.109261917,2022-8-18 14:30
1.109490655,2022-8-18 14:45
1.109481053,2022-8-18 15:00
1.106972122,2022-8-19 9:45
1.106972122,2022-8-19 10:00
1.116241666,2022-8-19 10:15
1.11811865,2022-8-19 10:30
1.122017522,2022-8-19 10:45
1.1182774,2022-8-19 11:00
1.120712947,2022-8-19 11:15
1.116509022,2022-8-19 11:30
1.118842772,2022-8-19 13:15
1.121901358,2022-8-19 13:30
1.12479416,2022-8-19 13:45
1.12315205,2022-8-19 14:00
1.1269286,2022-8-19 14:15
1.132020887,2022-8-19 14:30
1.134168336,2022-8-19 14:45
1.142496022,2022-8-19 15:00
1.150291187,2022-8-22 9:45
1.134279605,2022-8-22 10:00
1.13515734,2022-8-22 10:15
1.132670539,2022-8-22 10:30
1.132157178,2022-8-22 10:45
1.129936944,2022-8-22 11:00
1.12905014,2022-8-22 11:15
1.128511688,2022-8-22 11:30
1.129124691,2022-8-22 13:15
1.128176886,2022-8-22 13:30
1.127441329,2022-8-22 13:45
1.127071032,2022-8-22 14:00
1.12673847,2022-8-22 14:15
1.127285316,2022-8-22 14:30
1.127250063,2022-8-22 14:45
1.127541644,2022-8-22 15:00
1.123174966,2022-8-23 9:45
1.122193516,2022-8-23 10:00
1.121558426,2022-8-23 10:15
1.121609028,2022-8-23 10:30
1.122347935,2022-8-23 10:45
1.123151354,2022-8-23 11:00
1.122306697,2022-8-23 11:15
1.124407823,2022-8-23 11:30
1.124273795,2022-8-23 13:15
1.123858177,2022-8-23 13:30
1.122971772,2022-8-23 13:45
1.121929145,2022-8-23 14:00
1.121940902,2022-8-23 14:15
1.121921694,2022-8-23 14:30
1.120978624,2022-8-23 14:45
1.120968717,2022-8-23 15:00
1.117132612,2022-8-24 9:45
1.120578065,2022-8-24 10:00
1.137730579,2022-8-24 10:15
1.160612101,2022-8-24 10:30
1.207204508,2022-8-24 10:45
1.183458795,2022-8-24 11:00
1.1971014,2022-8-24 11:15
1.214226138,2022-8-24 11:30
1.222027192,2022-8-24 13:15
1.202509066,2022-8-24 13:30
1.198123595,2022-8-24 13:45
1.213908355,2022-8-24 14:00
1.235311549,2022-8-24 14:15
1.25251027,2022-8-24 14:30
1.230148359,2022-8-24 14:45
1.252004257,2022-8-24 15:00
1.237481094,2022-8-25 9:45
1.231178883,2022-8-25 10:00
1.310175417,2022-8-25 10:15
1.268499689,2022-8-25 10:30
1.287134412,2022-8-25 10:45
1.265524764,2022-8-25 11:00
1.26212524,2022-8-25 11:15
1.252898886,2022-8-25 11:30
1.257127093,2022-8-25 13:15
1.271669746,2022-8-25 13:30
1.274037104,2022-8-25 13:45
1.296287221,2022-8-25 14:00
1.290580869,2022-8-25 14:15
1.266811464,2022-8-25 14:30
1.250066831,2022-8-25 14:45
1.250066831,2022-8-25 15:00
1.250066831,2022-8-26 9:45
1.250066831,2022-8-26 10:00
1.247806799,2022-8-26 10:15
1.247932151,2022-8-26 10:30
1.247696778,2022-8-26 10:45
1.248015498,2022-8-26 11:00
1.248387747,2022-8-26 11:15
1.249495774,2022-8-26 11:30
1.249860552,2022-8-26 13:15
1.250073298,2022-8-26 13:30
1.250066346,2022-8-26 13:45
1.250865463,2022-8-26 14:00
1.251490618,2022-8-26 14:15
1.254122228,2022-8-26 14:30
1.25630563,2022-8-26 14:45
1.253145908,2022-8-26 15:00
1.258439327,2022-8-29 9:45
1.256688445,2022-8-29 10:00
1.257534279,2022-8-29 10:15
1.260219347,2022-8-29 10:30
1.255808282,2022-8-29 10:45
1.255976722,2022-8-29 11:00
1.251389089,2022-8-29 11:15
1.253389124,2022-8-29 11:30
1.256705944,2022-8-29 13:15
1.255095809,2022-8-29 13:30
1.253466457,2022-8-29 13:45
1.252540813,2022-8-29 14:00
1.252074528,2022-8-29 14:15
1.251761422,2022-8-29 14:30
1.251894114,2022-8-29 14:45
1.250941377,2022-8-29 15:00
1.246217304,2022-8-30 9:45
1.247266339,2022-8-30 10:00
1.251853971,2022-8-30 10:15
1.251906732,2022-8-30 10:30
1.257425303,2022-8-30 10:45
1.257306711,2022-8-30 11:00
1.256485408,2022-8-30 11:15
1.256335096,2022-8-30 11:30
1.259080457,2022-8-30 13:15
1.26248563,2022-8-30 13:30
1.261571921,2022-8-30 13:45
1.258904873,2022-8-30 14:00
1.252827615,2022-8-30 14:15
1.255831364,2022-8-30 14:30
1.255433363,2022-8-30 14:45
1.255021445,2022-8-30 15:00
1.264764781,2022-8-31 9:45
1.282729082,2022-8-31 10:00
1.303284793,2022-8-31 10:15
1.294582289,2022-8-31 10:30
1.294167591,2022-8-31 10:45
1.3037382,2022-8-31 11:00
1.303959355,2022-8-31 11:15
1.313166381,2022-8-31 11:30
1.295303285,2022-8-31 13:15
1.279183938,2022-8-31 13:30
1.286342102,2022-8-31 13:45
1.29084654,2022-8-31 14:00
1.298824186,2022-8-31 14:15
1.30522254,2022-8-31 14:30
1.320302135,2022-8-31 14:45
1.310935611,2022-8-31 15:00
1.289660594,2022-9-1 9:45
1.285505875,2022-9-1 10:00
1.286929281,2022-9-1 10:15
1.293621647,2022-9-1 10:30
1.310064485,2022-9-1 10:45
1.28908594,2022-9-1 11:00
1.28908594,2022-9-1 11:15
1.28908594,2022-9-1 11:30
1.28908594,2022-9-1 13:15
1.28908594,2022-9-1 13:30
1.28908594,2022-9-1 13:45
1.28908594,2022-9-1 14:00
1.28908594,2022-9-1 14:15
1.28908594,2022-9-1 14:30
1.28908594,2022-9-1 14:45
1.28908594,2022-9-1 15:00
1.28908594,2022-9-2 9:45
1.287675148,2022-9-2 10:00
1.28725885,2022-9-2 10:15
1.287828904,2022-9-2 10:30
1.287590442,2022-9-2 10:45
1.287214937,2022-9-2 11:00
1.286885291,2022-9-2 11:15
1.287224933,2022-9-2 11:30
1.286924515,2022-9-2 13:15
1.286524243,2022-9-2 13:30
1.286650693,2022-9-2 13:45
1.286692761,2022-9-2 14:00
1.286817528,2022-9-2 14:15
1.28616516,2022-9-2 14:30
1.286893958,2022-9-2 14:45
1.286989892,2022-9-2 15:00
1.277942589,2022-9-5 9:45
1.277942589,2022-9-5 10:00
1.278065597,2022-9-5 10:15
1.27822373,2022-9-5 10:30
1.278946841,2022-9-5 10:45
1.278665917,2022-9-5 11:00
1.277783974,2022-9-5 11:15
1.278763517,2022-9-5 11:30
1.278112225,2022-9-5 13:15
1.278441752,2022-9-5 13:30
1.277983568,2022-9-5 13:45
1.278034274,2022-9-5 14:00
1.278201991,2022-9-5 14:15
1.278534983,2022-9-5 14:30
1.278510582,2022-9-5 14:45
1.27865882,2022-9-5 15:00
1.278347262,2022-9-6 9:45
1.280253021,2022-9-6 10:00
1.278958519,2022-9-6 10:15
1.27980909,2022-9-6 10:30
1.280181678,2022-9-6 10:45
1.281853,2022-9-6 11:00
1.283617843,2022-9-6 11:15
1.283898356,2022-9-6 11:30
1.284952949,2022-9-6 13:15
1.284345723,2022-9-6 13:30
1.283684671,2022-9-6 13:45
1.283405925,2022-9-6 14:00
1.281682708,2022-9-6 14:15
1.282685814,2022-9-6 14:30
1.283784068,2022-9-6 14:45
1.284412073,2022-9-6 15:00
1.281972181,2022-9-7 9:45
1.277983703,2022-9-7 10:00
1.274289031,2022-9-7 10:15
1.276177178,2022-9-7 10:30
1.277117891,2022-9-7 10:45
1.27493186,2022-9-7 11:00
1.274654237,2022-9-7 11:15
1.272360379,2022-9-7 11:30
1.272291564,2022-9-7 13:15
1.266997458,2022-9-7 13:30
1.264535921,2022-9-7 13:45
1.263891365,2022-9-7 14:00
1.264467288,2022-9-7 14:15
1.264570993,2022-9-7 14:30
1.262532001,2022-9-7 14:45
1.262532001,2022-9-7 15:00
1.262532001,2022-9-8 9:45
1.262532001,2022-9-8 10:00
1.262532001,2022-9-8 10:15
1.262532001,2022-9-8 10:30
1.262532001,2022-9-8 10:45
1.262532001,2022-9-8 11:00
1.262532001,2022-9-8 11:15
1.262532001,2022-9-8 11:30
1.262532001,2022-9-8 13:15
1.262532001,2022-9-8 13:30
1.262532001,2022-9-8 13:45
1.262532001,2022-9-8 14:00
1.262532001,2022-9-8 14:15
1.262532001,2022-9-8 14:30
1.262532001,2022-9-8 14:45
1.262532001,2022-9-8 15:00
1.262532001,2022-9-9 9:45
1.262532001,2022-9-9 10:00
1.262532001,2022-9-9 10:15
1.262532001,2022-9-9 10:30
1.262532001,2022-9-9 10:45
1.263527391,2022-9-9 11:00
1.263643546,2022-9-9 11:15
1.263068928,2022-9-9 11:30
1.263207296,2022-9-9 13:15
1.262366009,2022-9-9 13:30
1.261777051,2022-9-9 13:45
1.261832821,2022-9-9 14:00
1.261342316,2022-9-9 14:15
1.261472096,2022-9-9 14:30
1.26036728,2022-9-9 14:45
1.260096073,2022-9-9 15:00
1.257538895,2022-9-13 9:45
1.253391394,2022-9-13 10:00
1.255210435,2022-9-13 10:15
1.255419958,2022-9-13 10:30
1.25437891,2022-9-13 10:45
1.254673827,2022-9-13 11:00
1.254905986,2022-9-13 11:15
1.252588886,2022-9-13 11:30
1.252537633,2022-9-13 13:15
1.25197941,2022-9-13 13:30
1.252084436,2022-9-13 13:45
1.25233869,2022-9-13 14:00
1.252224035,2022-9-13 14:15
1.251041795,2022-9-13 14:30
1.251041795,2022-9-13 14:45
1.250379778,2022-9-13 15:00
1.277193764,2022-9-14 9:45
1.271331212,2022-9-14 10:00
1.272356854,2022-9-14 10:15
1.271607,2022-9-14 10:30
1.272320395,2022-9-14 10:45
1.272196637,2022-9-14 11:00
1.270578281,2022-9-14 11:15
1.274309678,2022-9-14 11:30
1.275195023,2022-9-14 13:15
1.274935153,2022-9-14 13:30
1.273587872,2022-9-14 13:45
1.273716039,2022-9-14 14:00
1.272587423,2022-9-14 14:15
1.271856725,2022-9-14 14:30
1.272665838,2022-9-14 14:45
1.271961563,2022-9-14 15:00
1.268631718,2022-9-15 9:45
1.273741656,2022-9-15 10:00
1.283070905,2022-9-15 10:15
1.293110216,2022-9-15 10:30
1.298207643,2022-9-15 10:45
1.300389978,2022-9-15 11:00
1.300285164,2022-9-15 11:15
1.309819624,2022-9-15 11:30
1.312421392,2022-9-15 13:15
1.317558036,2022-9-15 13:30
1.329805044,2022-9-15 13:45
1.335285239,2022-9-15 14:00
1.332385027,2022-9-15 14:15
1.330429341,2022-9-15 14:30
1.324957078,2022-9-15 14:45
1.325641701,2022-9-15 15:00
1.340252608,2022-9-16 9:45
1.339177762,2022-9-16 10:00
1.337253664,2022-9-16 10:15
1.340465496,2022-9-16 10:30
1.351963629,2022-9-16 10:45
1.353434244,2022-9-16 11:00
1.345199379,2022-9-16 11:15
1.344172233,2022-9-16 11:30
1.35357204,2022-9-16 13:15
1.366750035,2022-9-16 13:30
1.365880636,2022-9-16 13:45
1.372951487,2022-9-16 14:00
1.392522635,2022-9-16 14:15
1.388975616,2022-9-16 14:30
1.40232519,2022-9-16 14:45
1.40434878,2022-9-16 15:00
1.403538642,2022-9-19 9:45
1.403216779,2022-9-19 10:00
1.423080212,2022-9-19 10:15
1.442739129,2022-9-19 10:30
1.426042659,2022-9-19 10:45
1.411719114,2022-9-19 11:00
1.419286629,2022-9-19 11:15
1.424359284,2022-9-19 11:30
1.432640472,2022-9-19 13:15
1.436616441,2022-9-19 13:30
1.435877004,2022-9-19 13:45
1.443466736,2022-9-19 14:00
1.44348712,2022-9-19 14:15
1.427012437,2022-9-19 14:30
1.434536892,2022-9-19 14:45
1.430384279,2022-9-19 15:00
1.430384279,2022-9-20 9:45
1.430384279,2022-9-20 10:00
1.430384279,2022-9-20 10:15
1.430384279,2022-9-20 10:30
1.430384279,2022-9-20 10:45
1.430384279,2022-9-20 11:00
1.430384279,2022-9-20 11:15
1.430384279,2022-9-20 11:30
1.430384279,2022-9-20 13:15
1.430384279,2022-9-20 13:30
1.430384279,2022-9-20 13:45
1.430384279,2022-9-20 14:00
1.430384279,2022-9-20 14:15
1.430384279,2022-9-20 14:30
1.430384279,2022-9-20 14:45
1.430384279,2022-9-20 15:00
1.430384279,2022-9-21 9:45
1.430784671,2022-9-21 10:00
1.432261566,2022-9-21 10:15
1.432247098,2022-9-21 10:30
1.431769534,2022-9-21 10:45
1.433971547,2022-9-21 11:00
1.432757293,2022-9-21 11:15
1.432491398,2022-9-21 11:30
1.433457784,2022-9-21 13:15
1.436519912,2022-9-21 13:30
1.43583231,2022-9-21 13:45
1.437655288,2022-9-21 14:00
1.438441425,2022-9-21 14:15
1.439116698,2022-9-21 14:30
1.438132061,2022-9-21 14:45
1.437598521,2022-9-21 15:00
1.436340175,2022-9-22 9:45
1.440883175,2022-9-22 10:00
1.439410151,2022-9-22 10:15
1.436589984,2022-9-22 10:30
1.438031439,2022-9-22 10:45
1.439265549,2022-9-22 11:00
1.437649991,2022-9-22 11:15
1.435467135,2022-9-22 11:30
1.434012019,2022-9-22 13:15
1.43387656,2022-9-22 13:30
1.434932372,2022-9-22 13:45
1.432237865,2022-9-22 14:00
1.432433992,2022-9-22 14:15
1.431310433,2022-9-22 14:30
1.431143181,2022-9-22 14:45
1.430279751,2022-9-22 15:00
1.427027009,2022-9-23 9:45
1.426609029,2022-9-23 10:00
1.42529288,2022-9-23 10:15
1.427750055,2022-9-23 10:30
1.428267844,2022-9-23 10:45
1.428467726,2022-9-23 11:00
1.428382681,2022-9-23 11:15
1.430061137,2022-9-23 11:30
1.432319717,2022-9-23 13:15
1.438334435,2022-9-23 13:30
1.43760874,2022-9-23 13:45
1.438495006,2022-9-23 14:00
1.436913771,2022-9-23 14:15
1.438172175,2022-9-23 14:30
1.438693009,2022-9-23 14:45
1.438756953,2022-9-23 15:00
1.435551567,2022-9-26 9:45
1.436425096,2022-9-26 10:00
1.435239906,2022-9-26 10:15
1.433034542,2022-9-26 10:30
1.435366195,2022-9-26 10:45
1.43375391,2022-9-26 11:00
1.434358607,2022-9-26 11:15
1.434482345,2022-9-26 11:30
1.434372659,2022-9-26 13:15
1.434381678,2022-9-26 13:30
1.43523105,2022-9-26 13:45
1.435813961,2022-9-26 14:00
1.436477772,2022-9-26 14:15
1.43867493,2022-9-26 14:30
1.440122686,2022-9-26 14:45
1.440320294,2022-9-26 15:00
1.433828119,2022-9-27 9:45
1.433882025,2022-9-27 10:00
1.43428296,2022-9-27 10:15
1.434370097,2022-9-27 10:30
1.435295673,2022-9-27 10:45
1.435784123,2022-9-27 11:00
1.435316618,2022-9-27 11:15
1.433953926,2022-9-27 11:30
1.43327782,2022-9-27 13:15
1.432223157,2022-9-27 13:30
1.432556844,2022-9-27 13:45
1.432146585,2022-9-27 14:00
1.43199476,2022-9-27 14:15
1.432296937,2022-9-27 14:30
1.433641559,2022-9-27 14:45
1.433882136,2022-9-27 15:00
1.424284388,2022-9-28 9:45
1.427060159,2022-9-28 10:00
1.426683884,2022-9-28 10:15
1.428018681,2022-9-28 10:30
1.428776079,2022-9-28 10:45
1.431558661,2022-9-28 11:00
1.429292988,2022-9-28 11:15
1.429226716,2022-9-28 11:30
1.43384038,2022-9-28 13:15
1.432736462,2022-9-28 13:30
1.430200629,2022-9-28 13:45
1.430550614,2022-9-28 14:00
1.430139801,2022-9-28 14:15
1.433161358,2022-9-28 14:30
1.436779883,2022-9-28 14:45
1.437684538,2022-9-28 15:00
1.429410028,2022-9-29 9:45
1.428300923,2022-9-29 10:00
1.4288494,2022-9-29 10:15
1.429316531,2022-9-29 10:30
1.430925057,2022-9-29 10:45
1.430838133,2022-9-29 11:00
1.432319733,2022-9-29 11:15
1.432612354,2022-9-29 11:30
1.430132575,2022-9-29 13:15
1.432095489,2022-9-29 13:30
1.434431812,2022-9-29 13:45
1.436167417,2022-9-29 14:00
1.44032798,2022-9-29 14:15
1.437835934,2022-9-29 14:30
1.436170197,2022-9-29 14:45
1.438280518,2022-9-29 15:00
1.432330873,2022-9-30 9:45
1.438947703,2022-9-30 10:00
1.441403173,2022-9-30 10:15
1.437394456,2022-9-30 10:30
1.437725374,2022-9-30 10:45
1.433542206,2022-9-30 11:00
1.433542206,2022-9-30 11:15
1.432349488,2022-9-30 11:30
1.428866607,2022-9-30 13:15
1.420941979,2022-9-30 13:30
1.420941979,2022-9-30 13:45
1.419785437,2022-9-30 14:00
1.421449993,2022-9-30 14:15
1.420065143,2022-9-30 14:30
1.421206388,2022-9-30 14:45
1.421576563,2022-9-30 15:00
1.421576563,2022-10-10 9:45
1.421576563,2022-10-10 10:00
1.421576563,2022-10-10 10:15
1.421576563,2022-10-10 10:30
1.421576563,2022-10-10 10:45
1.421576563,2022-10-10 11:00
1.421576563,2022-10-10 11:15
1.421576563,2022-10-10 11:30
1.421576563,2022-10-10 13:15
1.421576563,2022-10-10 13:30
1.421576563,2022-10-10 13:45
1.421576563,2022-10-10 14:00
1.421576563,2022-10-10 14:15
1.421576563,2022-10-10 14:30
1.421576563,2022-10-10 14:45
1.421576563,2022-10-10 15:00
1.421576563,2022-10-11 9:45
1.421576563,2022-10-11 10:00
1.421576563,2022-10-11 10:15
1.421576563,2022-10-11 10:30
1.421576563,2022-10-11 10:45
1.421576563,2022-10-11 11:00
1.421576563,2022-10-11 11:15
1.421576563,2022-10-11 11:30
1.421576563,2022-10-11 13:15
1.421576563,2022-10-11 13:30
1.421576563,2022-10-11 13:45
1.421576563,2022-10-11 14:00
1.421576563,2022-10-11 14:15
1.421576563,2022-10-11 14:30
1.421576563,2022-10-11 14:45
1.421576563,2022-10-11 15:00
1.421576563,2022-10-12 9:45
1.421576563,2022-10-12 10:00
1.421576563,2022-10-12 10:15
1.421576563,2022-10-12 10:30
1.421576563,2022-10-12 10:45
1.421576563,2022-10-12 11:00
1.421787393,2022-10-12 11:15
1.421443222,2022-10-12 11:30
1.420787339,2022-10-12 13:15
1.420699409,2022-10-12 13:30
1.430552149,2022-10-12 13:45
1.450904161,2022-10-12 14:00
1.456984852,2022-10-12 14:15
1.468769741,2022-10-12 14:30
1.467376325,2022-10-12 14:45
1.470448452,2022-10-12 15:00
1.464621756,2022-10-13 9:45
1.465840442,2022-10-13 10:00
1.4621861,2022-10-13 10:15
1.466721409,2022-10-13 10:30
1.467867604,2022-10-13 10:45
1.462864308,2022-10-13 11:00
1.467993925,2022-10-13 11:15
1.476498614,2022-10-13 11:30
1.473756013,2022-10-13 13:15
1.472174989,2022-10-13 13:30
1.477011731,2022-10-13 13:45
1.47238088,2022-10-13 14:00
1.465630754,2022-10-13 14:15
1.465932903,2022-10-13 14:30
1.466728938,2022-10-13 14:45
1.465411936,2022-10-13 15:00
1.483466007,2022-10-14 9:45
1.490142463,2022-10-14 10:00
1.492797002,2022-10-14 10:15
1.498749391,2022-10-14 10:30
1.500031903,2022-10-14 10:45
1.503051375,2022-10-14 11:00
1.50787879,2022-10-14 11:15
1.501499465,2022-10-14 11:30
1.506468679,2022-10-14 13:15
1.514794554,2022-10-14 13:30
1.516396963,2022-10-14 13:45
1.507712016,2022-10-14 14:00
1.510336529,2022-10-14 14:15
1.511999204,2022-10-14 14:30
1.51076869,2022-10-14 14:45
1.509969004,2022-10-14 15:00
1.499037084,2022-10-17 9:45
1.500138458,2022-10-17 10:00
1.510351454,2022-10-17 10:15
1.507720504,2022-10-17 10:30
1.507420981,2022-10-17 10:45
1.504695553,2022-10-17 11:00
1.504695553,2022-10-17 11:15
1.504695553,2022-10-17 11:30
1.504695553,2022-10-17 13:15
1.504695553,2022-10-17 13:30
1.504695553,2022-10-17 13:45
1.504695553,2022-10-17 14:00
1.504695553,2022-10-17 14:15
1.504695553,2022-10-17 14:30
1.504695553,2022-10-17 14:45
1.504695553,2022-10-17 15:00
1.504695553,2022-10-18 9:45
1.504695553,2022-10-18 10:00
1.504695553,2022-10-18 10:15
1.504695553,2022-10-18 10:30
1.504695553,2022-10-18 10:45
1.504695553,2022-10-18 11:00
1.504695553,2022-10-18 11:15
1.504695553,2022-10-18 11:30
1.504695553,2022-10-18 13:15
1.504695553,2022-10-18 13:30
1.504695553,2022-10-18 13:45
1.504695553,2022-10-18 14:00
1.504695553,2022-10-18 14:15
1.504695553,2022-10-18 14:30
1.504695553,2022-10-18 14:45
1.504695553,2022-10-18 15:00
1.504695553,2022-10-19 9:45
1.504695553,2022-10-19 10:00
1.504695553,2022-10-19 10:15
1.504695553,2022-10-19 10:30
1.504695553,2022-10-19 10:45
1.504695553,2022-10-19 11:00
1.504695553,2022-10-19 11:15
1.504695553,2022-10-19 11:30
1.504695553,2022-10-19 13:15
1.504695553,2022-10-19 13:30
1.504695553,2022-10-19 13:45
1.504695553,2022-10-19 14:00
1.504695553,2022-10-19 14:15
1.504695553,2022-10-19 14:30
1.504695553,2022-10-19 14:45
1.504695553,2022-10-19 15:00
1.504695553,2022-10-20 9:45
1.504695553,2022-10-20 10:00
1.505505084,2022-10-20 10:15
1.506386387,2022-10-20 10:30
1.512130007,2022-10-20 10:45
1.516616633,2022-10-20 11:00
1.513013784,2022-10-20 11:15
1.51160848,2022-10-20 11:30
1.534395228,2022-10-20 13:15
1.530040033,2022-10-20 13:30
1.527296877,2022-10-20 13:45
1.525884924,2022-10-20 14:00
1.522111504,2022-10-20 14:15
1.522580106,2022-10-20 14:30
1.521341617,2022-10-20 14:45
1.520939929,2022-10-20 15:00
1.516887481,2022-10-21 9:45
1.510792312,2022-10-21 10:00
1.508776456,2022-10-21 10:15
1.511026666,2022-10-21 10:30
1.512823555,2022-10-21 10:45
1.511977659,2022-10-21 11:00
1.516301093,2022-10-21 11:15
1.514335418,2022-10-21 11:30
1.512886279,2022-10-21 13:15
1.516102878,2022-10-21 13:30
1.51285625,2022-10-21 13:45
1.512461206,2022-10-21 14:00
1.509990789,2022-10-21 14:15
1.511614295,2022-10-21 14:30
1.5116978,2022-10-21 14:45
1.51159927,2022-10-21 15:00
1.522256724,2022-10-24 9:45
1.518423868,2022-10-24 10:00
1.515809835,2022-10-24 10:15
1.52056441,2022-10-24 10:30
1.520117083,2022-10-24 10:45
1.518802653,2022-10-24 11:00
1.522074742,2022-10-24 11:15
1.521250481,2022-10-24 11:30
1.518679459,2022-10-24 13:15
1.519917881,2022-10-24 13:30
1.520240025,2022-10-24 13:45
1.521079918,2022-10-24 14:00
1.525259323,2022-10-24 14:15
1.52336914,2022-10-24 14:30
1.523970822,2022-10-24 14:45
1.524579054,2022-10-24 15:00
1.534824879,2022-10-25 9:45
1.53754888,2022-10-25 10:00
1.546580861,2022-10-25 10:15
1.543592577,2022-10-25 10:30
1.548220899,2022-10-25 10:45
1.552610713,2022-10-25 11:00
1.545818058,2022-10-25 11:15
1.552151622,2022-10-25 11:30
1.552758126,2022-10-25 13:15
1.551608429,2022-10-25 13:30
1.551356034,2022-10-25 13:45
1.55183738,2022-10-25 14:00
1.551442106,2022-10-25 14:15
1.551504286,2022-10-25 14:30
1.552145457,2022-10-25 14:45
1.55160422,2022-10-25 15:00
1.548097645,2022-10-26 9:45
1.550011837,2022-10-26 10:00
1.555736706,2022-10-26 10:15
1.558742157,2022-10-26 10:30
1.559467332,2022-10-26 10:45
1.560030267,2022-10-26 11:00
1.560002621,2022-10-26 11:15
1.562244066,2022-10-26 11:30
1.560781471,2022-10-26 13:15
1.558906906,2022-10-26 13:30
1.558736781,2022-10-26 13:45
1.556076837,2022-10-26 14:00
1.55705824,2022-10-26 14:15
1.556475138,2022-10-26 14:30
1.55675775,2022-10-26 14:45
1.558367539,2022-10-26 15:00
1.554215009,2022-10-27 9:45
1.554188597,2022-10-27 10:00
1.555544097,2022-10-27 10:15
1.554648609,2022-10-27 10:30
1.553901387,2022-10-27 10:45
1.549603971,2022-10-27 11:00
1.551183477,2022-10-27 11:15
1.551774774,2022-10-27 11:30
1.545211777,2022-10-27 13:15
1.544708906,2022-10-27 13:30
1.547122071,2022-10-27 13:45
1.54874905,2022-10-27 14:00
1.546768162,2022-10-27 14:15
1.545619688,2022-10-27 14:30
1.544218132,2022-10-27 14:45
1.542876303,2022-10-27 15:00
1.541446457,2022-10-28 9:45
1.541660354,2022-10-28 10:00
1.541776314,2022-10-28 10:15
1.541911928,2022-10-28 10:30
1.541926948,2022-10-28 10:45
1.542250594,2022-10-28 11:00
1.541635086,2022-10-28 11:15
1.541688057,2022-10-28 11:30
1.544537336,2022-10-28 13:15
1.546154747,2022-10-28 13:30
1.548500235,2022-10-28 13:45
1.546263705,2022-10-28 14:00
1.548061471,2022-10-28 14:15
1.554639317,2022-10-28 14:30
1.562062366,2022-10-28 14:45
1.559823211,2022-10-28 15:00
1.549114152,2022-10-31 9:45
1.541581026,2022-10-31 10:00
1.548524438,2022-10-31 10:15
1.547023337,2022-10-31 10:30
1.538393606,2022-10-31 10:45
1.538128381,2022-10-31 11:00
1.5323176,2022-10-31 11:15
1.5323176,2022-10-31 11:30
1.5323176,2022-10-31 13:15
1.5323176,2022-10-31 13:30
1.5323176,2022-10-31 13:45
1.531540964,2022-10-31 14:00
1.530420532,2022-10-31 14:15
1.530104838,2022-10-31 14:30
1.529730836,2022-10-31 14:45
1.529582153,2022-10-31 15:00
1.520638409,2022-11-1 9:45
1.520931627,2022-11-1 10:00
1.525489459,2022-11-1 10:15
1.527938502,2022-11-1 10:30
1.529827058,2022-11-1 10:45
1.526171066,2022-11-1 11:00
1.526130793,2022-11-1 11:15
1.51580975,2022-11-1 11:30
1.51580975,2022-11-1 13:15
1.51580975,2022-11-1 13:30
1.51580975,2022-11-1 13:45
1.51580975,2022-11-1 14:00
1.51580975,2022-11-1 14:15
1.51580975,2022-11-1 14:30
1.51580975,2022-11-1 14:45
1.51580975,2022-11-1 15:00
1.51580975,2022-11-2 9:45
1.51580975,2022-11-2 10:00
1.51580975,2022-11-2 10:15
1.51580975,2022-11-2 10:30
1.51580975,2022-11-2 10:45
1.51580975,2022-11-2 11:00
1.51580975,2022-11-2 11:15
1.51580975,2022-11-2 11:30
1.51580975,2022-11-2 13:15
1.515392709,2022-11-2 13:30
1.515053635,2022-11-2 13:45
1.515166219,2022-11-2 14:00
1.515561817,2022-11-2 14:15
1.515702003,2022-11-2 14:30
1.51599479,2022-11-2 14:45
1.515622501,2022-11-2 15:00
1.513006005,2022-11-3 9:45
1.513320036,2022-11-3 10:00
1.512064538,2022-11-3 10:15
1.512428197,2022-11-3 10:30
1.512043085,2022-11-3 10:45
1.511887972,2022-11-3 11:00
1.512413842,2022-11-3 11:15
1.513639064,2022-11-3 11:30
1.512662138,2022-11-3 13:15
1.512983229,2022-11-3 13:30
1.512573373,2022-11-3 13:45
1.511365674,2022-11-3 14:00
1.510828612,2022-11-3 14:15
1.510802255,2022-11-3 14:30
1.510586664,2022-11-3 14:45
1.510470629,2022-11-3 15:00
1.504830789,2022-11-4 9:45
1.505770263,2022-11-4 10:00
1.505647162,2022-11-4 10:15
1.506331651,2022-11-4 10:30
1.506070302,2022-11-4 10:45
1.506997207,2022-11-4 11:00
1.508063703,2022-11-4 11:15
1.509989506,2022-11-4 11:30
1.514707435,2022-11-4 13:15
1.51361781,2022-11-4 13:30
1.513849159,2022-11-4 13:45
1.512937576,2022-11-4 14:00
1.513355616,2022-11-4 14:15
1.510939117,2022-11-4 14:30
1.509410415,2022-11-4 14:45
1.509093639,2022-11-4 15:00
1.510583942,2022-11-7 9:45
1.507300781,2022-11-7 10:00
1.505360047,2022-11-7 10:15
1.507402309,2022-11-7 10:30
1.504482905,2022-11-7 10:45
1.505074362,2022-11-7 11:00
1.505435833,2022-11-7 11:15
1.506704552,2022-11-7 11:30
1.503403821,2022-11-7 13:15
1.503180362,2022-11-7 13:30
1.501968891,2022-11-7 13:45
1.501968891,2022-11-7 14:00
1.501968891,2022-11-7 14:15
1.501968891,2022-11-7 14:30
1.501968891,2022-11-7 14:45
1.501968891,2022-11-7 15:00
1.501968891,2022-11-8 9:45
1.501968891,2022-11-8 10:00
1.501968891,2022-11-8 10:15
1.501968891,2022-11-8 10:30
1.501968891,2022-11-8 10:45
1.501968891,2022-11-8 11:00
1.501968891,2022-11-8 11:15
1.501968891,2022-11-8 11:30
1.501968891,2022-11-8 13:15
1.501968891,2022-11-8 13:30
1.501968891,2022-11-8 13:45
1.501968891,2022-11-8 14:00
1.501968891,2022-11-8 14:15
1.501968891,2022-11-8 14:30
1.501968891,2022-11-8 14:45
1.501968891,2022-11-8 15:00
1.501968891,2022-11-9 9:45
1.501968891,2022-11-9 10:00
1.501968891,2022-11-9 10:15
1.507113171,2022-11-9 10:30
1.504107992,2022-11-9 10:45
1.504114874,2022-11-9 11:00
1.504073639,2022-11-9 11:15
1.505281904,2022-11-9 11:30
1.501796896,2022-11-9 13:15
1.501409591,2022-11-9 13:30
1.501607778,2022-11-9 13:45
1.501099365,2022-11-9 14:00
1.498982184,2022-11-9 14:15
1.498553925,2022-11-9 14:30
1.497786061,2022-11-9 14:45
1.498035521,2022-11-9 15:00
1.506890772,2022-11-10 9:45
1.505670155,2022-11-10 10:00
1.509229162,2022-11-10 10:15
1.507904067,2022-11-10 10:30
1.508854613,2022-11-10 10:45
1.506598542,2022-11-10 11:00
1.506121036,2022-11-10 11:15
1.50782305,2022-11-10 11:30
1.508825452,2022-11-10 13:15
1.511913797,2022-11-10 13:30
1.513782388,2022-11-10 13:45
1.508742312,2022-11-10 14:00
1.512745866,2022-11-10 14:15
1.512475233,2022-11-10 14:30
1.513786194,2022-11-10 14:45
1.514443979,2022-11-10 15:00
1.583026002,2022-11-11 9:45
1.580561541,2022-11-11 10:00
1.58146614,2022-11-11 10:15
1.579123062,2022-11-11 10:30
1.580100264,2022-11-11 10:45
1.58055563,2022-11-11 11:00
1.579118019,2022-11-11 11:15
1.57938762,2022-11-11 11:30
1.572849267,2022-11-11 13:15
1.573698539,2022-11-11 13:30
1.576869131,2022-11-11 13:45
1.578299276,2022-11-11 14:00
1.575192681,2022-11-11 14:15
1.578585933,2022-11-11 14:30
1.582122933,2022-11-11 14:45
1.582036187,2022-11-11 15:00
1.571986241,2022-11-14 9:45
1.573527247,2022-11-14 10:00
1.568793105,2022-11-14 10:15
1.568259424,2022-11-14 10:30
1.566705149,2022-11-14 10:45
1.567489323,2022-11-14 11:00
1.567197082,2022-11-14 11:15
1.567796701,2022-11-14 11:30
1.56673741,2022-11-14 13:15
1.567821372,2022-11-14 13:30
1.570610586,2022-11-14 13:45
1.570704449,2022-11-14 14:00
1.570211023,2022-11-14 14:15
1.570075082,2022-11-14 14:30
1.570588833,2022-11-14 14:45
1.570446793,2022-11-14 15:00
1.565155358,2022-11-15 9:45
1.566912306,2022-11-15 10:00
1.567417014,2022-11-15 10:15
1.570537297,2022-11-15 10:30
1.572372487,2022-11-15 10:45
1.575069213,2022-11-15 11:00
1.573448498,2022-11-15 11:15
1.57491778,2022-11-15 11:30
1.576722961,2022-11-15 13:15
1.576754942,2022-11-15 13:30
1.575690157,2022-11-15 13:45
1.576873376,2022-11-15 14:00
1.578232518,2022-11-15 14:15
1.577628685,2022-11-15 14:30
1.579902768,2022-11-15 14:45
1.579300105,2022-11-15 15:00
1.575261152,2022-11-16 9:45
1.575249646,2022-11-16 10:00
1.575953418,2022-11-16 10:15
1.579911022,2022-11-16 10:30
1.575055327,2022-11-16 10:45
1.57409493,2022-11-16 11:00
1.574204152,2022-11-16 11:15
1.571605909,2022-11-16 11:30
1.570870298,2022-11-16 13:15
1.570283163,2022-11-16 13:30
1.570048767,2022-11-16 13:45
1.570615009,2022-11-16 14:00
1.570137657,2022-11-16 14:15
1.569544331,2022-11-16 14:30
1.569608879,2022-11-16 14:45
1.570648177,2022-11-16 15:00
1.562432936,2022-11-17 9:45
1.56256142,2022-11-17 10:00
1.562281125,2022-11-17 10:15
1.561755954,2022-11-17 10:30
1.560892929,2022-11-17 10:45
1.562697873,2022-11-17 11:00
1.560236169,2022-11-17 11:15
1.560008296,2022-11-17 11:30
1.560137409,2022-11-17 13:15
1.560804684,2022-11-17 13:30
1.561689857,2022-11-17 13:45
1.560525607,2022-11-17 14:00
1.558499737,2022-11-17 14:15
1.558585824,2022-11-17 14:30
1.560806968,2022-11-17 14:45
1.56348282,2022-11-17 15:00
1.496642888,2022-11-18 9:45
1.491648679,2022-11-18 10:00
1.494215608,2022-11-18 10:15
1.491943134,2022-11-18 10:30
1.489425217,2022-11-18 10:45
1.488300799,2022-11-18 11:00
1.488300799,2022-11-18 11:15
1.488300799,2022-11-18 11:30
1.488300799,2022-11-18 13:15
1.488300799,2022-11-18 13:30
1.488300799,2022-11-18 13:45
1.488300799,2022-11-18 14:00
1.488300799,2022-11-18 14:15
1.488300799,2022-11-18 14:30
1.488300799,2022-11-18 14:45
1.488300799,2022-11-18 15:00
1.488300799,2022-11-21 9:45
1.488787378,2022-11-21 10:00
1.487115787,2022-11-21 10:15
1.489856288,2022-11-21 10:30
1.488767358,2022-11-21 10:45
1.488919263,2022-11-21 11:00
1.488616131,2022-11-21 11:15
1.48917468,2022-11-21 11:30
1.48811093,2022-11-21 13:15
1.486957895,2022-11-21 13:30
1.483981202,2022-11-21 13:45
1.485430651,2022-11-21 14:00
1.485400792,2022-11-21 14:15
1.484045361,2022-11-21 14:30
1.483963711,2022-11-21 14:45
1.483820178,2022-11-21 15:00
1.477519467,2022-11-22 9:45
1.478045806,2022-11-22 10:00
1.477590966,2022-11-22 10:15
1.474884386,2022-11-22 10:30
1.474884386,2022-11-22 10:45
1.473389573,2022-11-22 11:00
1.472612386,2022-11-22 11:15
1.475750634,2022-11-22 11:30
1.473460865,2022-11-22 13:15
1.47293467,2022-11-22 13:30
1.474170502,2022-11-22 13:45
1.478261082,2022-11-22 14:00
1.480545197,2022-11-22 14:15
1.480569993,2022-11-22 14:30
1.486632402,2022-11-22 14:45
1.482148577,2022-11-22 15:00
1.482283178,2022-11-23 9:45
1.487394168,2022-11-23 10:00
1.487546396,2022-11-23 10:15
1.49627606,2022-11-23 10:30
1.512264527,2022-11-23 10:45
1.492056759,2022-11-23 11:00
1.498182102,2022-11-23 11:15
1.497297017,2022-11-23 11:30
1.490083434,2022-11-23 13:15
1.489486819,2022-11-23 13:30
1.486616516,2022-11-23 13:45
1.489406344,2022-11-23 14:00
1.491938728,2022-11-23 14:15
1.491199628,2022-11-23 14:30
1.491115906,2022-11-23 14:45
1.490510638,2022-11-23 15:00
1.48223027,2022-11-24 9:45
1.48278187,2022-11-24 10:00
1.483798464,2022-11-24 10:15
1.483415218,2022-11-24 10:30
1.483602574,2022-11-24 10:45
1.483802668,2022-11-24 11:00
1.486773178,2022-11-24 11:15
1.484935974,2022-11-24 11:30
1.487616859,2022-11-24 13:15
1.488293793,2022-11-24 13:30
1.485970153,2022-11-24 13:45
1.484721121,2022-11-24 14:00
1.483756127,2022-11-24 14:15
1.484641428,2022-11-24 14:30
1.484113671,2022-11-24 14:45
1.481658378,2022-11-24 15:00
1.509264853,2022-11-25 9:45
1.505006568,2022-11-25 10:00
1.502577386,2022-11-25 10:15
1.49906106,2022-11-25 10:30
1.498319491,2022-11-25 10:45
1.500664313,2022-11-25 11:00
1.505251146,2022-11-25 11:15
1.501454535,2022-11-25 11:30
1.499409561,2022-11-25 13:15
1.498693438,2022-11-25 13:30
1.499331185,2022-11-25 13:45
1.501459569,2022-11-25 14:00
1.505228531,2022-11-25 14:15
1.498165397,2022-11-25 14:30
1.499407676,2022-11-25 14:45
1.499125815,2022-11-25 15:00
1.569571754,2022-11-28 9:45
1.555426844,2022-11-28 10:00
1.553795284,2022-11-28 10:15
1.54655252,2022-11-28 10:30
1.537863618,2022-11-28 10:45
1.53299991,2022-11-28 11:00
1.538053945,2022-11-28 11:15
1.534615044,2022-11-28 11:30
1.540777222,2022-11-28 13:15
1.545719147,2022-11-28 13:30
1.548149742,2022-11-28 13:45
1.549788346,2022-11-28 14:00
1.550989694,2022-11-28 14:15
1.536419006,2022-11-28 14:30
1.531310594,2022-11-28 14:45
1.530562438,2022-11-28 15:00
1.523126543,2022-11-29 9:45
1.522893264,2022-11-29 10:00
1.518082859,2022-11-29 10:15
1.519264081,2022-11-29 10:30
1.516990851,2022-11-29 10:45
1.516339317,2022-11-29 11:00
1.515961303,2022-11-29 11:15
1.515525339,2022-11-29 11:30
1.517596413,2022-11-29 13:15
1.517065883,2022-11-29 13:30
1.516191347,2022-11-29 13:45
1.514549282,2022-11-29 14:00
1.513952661,2022-11-29 14:15
1.513950098,2022-11-29 14:30
1.512638659,2022-11-29 14:45
1.512262611,2022-11-29 15:00
1.506009318,2022-11-30 9:45
1.504783298,2022-11-30 10:00
1.503834442,2022-11-30 10:15
1.503959306,2022-11-30 10:30
1.501053371,2022-11-30 10:45
1.500579383,2022-11-30 11:00
1.500593339,2022-11-30 11:15
1.500923858,2022-11-30 11:30
1.497031007,2022-11-30 13:15
1.495748465,2022-11-30 13:30
1.495748465,2022-11-30 13:45
1.49669885,2022-11-30 14:00
1.497170464,2022-11-30 14:15
1.497324007,2022-11-30 14:30
1.498034987,2022-11-30 14:45
1.49639993,2022-11-30 15:00
1.516335693,2022-12-1 9:45
1.513591397,2022-12-1 10:00
1.513505067,2022-12-1 10:15
1.512276727,2022-12-1 10:30
1.512121372,2022-12-1 10:45
1.51269807,2022-12-1 11:00
1.511245852,2022-12-1 11:15
1.510638635,2022-12-1 11:30
1.510603463,2022-12-1 13:15
1.510892953,2022-12-1 13:30
1.512475087,2022-12-1 13:45
1.509378973,2022-12-1 14:00
1.509939185,2022-12-1 14:15
1.510904423,2022-12-1 14:30
1.509487949,2022-12-1 14:45
1.509422856,2022-12-1 15:00
1.497214189,2022-12-2 9:45
1.49808381,2022-12-2 10:00
1.4972967,2022-12-2 10:15
1.496300422,2022-12-2 10:30
1.49568742,2022-12-2 10:45
1.495233373,2022-12-2 11:00
1.494156706,2022-12-2 11:15
1.49404323,2022-12-2 11:30
1.493912025,2022-12-2 13:15
1.493608358,2022-12-2 13:30
1.493620096,2022-12-2 13:45
1.493704613,2022-12-2 14:00
1.494527031,2022-12-2 14:15
1.493886286,2022-12-2 14:30
1.493672286,2022-12-2 14:45
1.493620356,2022-12-2 15:00
1.458969809,2022-12-5 9:45
1.458969809,2022-12-5 10:00
1.458969809,2022-12-5 10:15
1.458969809,2022-12-5 10:30
1.458969809,2022-12-5 10:45
1.458969809,2022-12-5 11:00
1.458969809,2022-12-5 11:15
1.458969809,2022-12-5 11:30
1.458969809,2022-12-5 13:15
1.458969809,2022-12-5 13:30
1.458969809,2022-12-5 13:45
1.458969809,2022-12-5 14:00
1.458969809,2022-12-5 14:15
1.458969809,2022-12-5 14:30
1.458969809,2022-12-5 14:45
1.458969809,2022-12-5 15:00
1.458969809,2022-12-6 9:45
1.458969809,2022-12-6 10:00
1.458969809,2022-12-6 10:15
1.458969809,2022-12-6 10:30
1.458969809,2022-12-6 10:45
1.458969809,2022-12-6 11:00
1.458969809,2022-12-6 11:15
1.459145415,2022-12-6 11:30
1.459556549,2022-12-6 13:15
1.459502816,2022-12-6 13:30
1.459249498,2022-12-6 13:45
1.459300943,2022-12-6 14:00
1.461024572,2022-12-6 14:15
1.462852547,2022-12-6 14:30
1.462384126,2022-12-6 14:45
1.462041856,2022-12-6 15:00
1.461566472,2022-12-7 9:45
1.461776146,2022-12-7 10:00
1.461833492,2022-12-7 10:15
1.461455236,2022-12-7 10:30
1.461975883,2022-12-7 10:45
1.462372161,2022-12-7 11:00
1.462100224,2022-12-7 11:15
1.461631965,2022-12-7 11:30
1.463300076,2022-12-7 13:15
1.463602065,2022-12-7 13:30
1.464395342,2022-12-7 13:45
1.466699905,2022-12-7 14:00
1.467982366,2022-12-7 14:15
1.467300661,2022-12-7 14:30
1.466543007,2022-12-7 14:45
1.465898254,2022-12-7 15:00
1.439569089,2022-12-8 9:45
1.439569089,2022-12-8 10:00
1.440172531,2022-12-8 10:15
1.440285157,2022-12-8 10:30
1.43913669,2022-12-8 10:45
1.438829568,2022-12-8 11:00
1.438804367,2022-12-8 11:15
1.438418795,2022-12-8 11:30
1.438547422,2022-12-8 13:15
1.438434735,2022-12-8 13:30
1.43844767,2022-12-8 13:45
1.438218693,2022-12-8 14:00
1.439337741,2022-12-8 14:15
1.439007351,2022-12-8 14:30
1.439182729,2022-12-8 14:45
1.439332716,2022-12-8 15:00
1.438305356,2022-12-9 9:45
1.441361268,2022-12-9 10:00
1.440751811,2022-12-9 10:15
1.440757937,2022-12-9 10:30
1.440116103,2022-12-9 10:45
1.439987443,2022-12-9 11:00
1.440536999,2022-12-9 11:15
1.440515864,2022-12-9 11:30
1.4407131,2022-12-9 13:15
1.43982338,2022-12-9 13:30
1.439904355,2022-12-9 13:45
1.439694919,2022-12-9 14:00
1.439190602,2022-12-9 14:15
1.440460588,2022-12-9 14:30
1.440796608,2022-12-9 14:45
1.440871285,2022-12-9 15:00
1.442326185,2022-12-12 9:45
1.444029742,2022-12-12 10:00
1.444157523,2022-12-12 10:15
1.442848032,2022-12-12 10:30
1.441677953,2022-12-12 10:45
1.441672571,2022-12-12 11:00
1.440713072,2022-12-12 11:15
1.440559524,2022-12-12 11:30
1.441341056,2022-12-12 13:15
1.440586977,2022-12-12 13:30
1.440866825,2022-12-12 13:45
1.442048776,2022-12-12 14:00
1.441241442,2022-12-12 14:15
1.442129252,2022-12-12 14:30
1.442689015,2022-12-12 14:45
1.442375879,2022-12-12 15:00
1.444388132,2022-12-13 9:45
1.445838211,2022-12-13 10:00
1.444237755,2022-12-13 10:15
1.444677142,2022-12-13 10:30
1.443351538,2022-12-13 10:45
1.445224,2022-12-13 11:00
1.445832202,2022-12-13 11:15
1.447372452,2022-12-13 11:30
1.442029505,2022-12-13 13:15
1.444099023,2022-12-13 13:30
1.44243512,2022-12-13 13:45
1.440603453,2022-12-13 14:00
1.441787666,2022-12-13 14:15
1.441249427,2022-12-13 14:30
1.440888546,2022-12-13 14:45
1.440215734,2022-12-13 15:00
1.438947007,2022-12-14 9:45
1.441237209,2022-12-14 10:00
1.44152137,2022-12-14 10:15
1.438852353,2022-12-14 10:30
1.441785517,2022-12-14 10:45
1.442286856,2022-12-14 11:00
1.442358646,2022-12-14 11:15
1.440716958,2022-12-14 11:30
1.43724055,2022-12-14 13:15
1.436328747,2022-12-14 13:30
1.440831851,2022-12-14 13:45
1.439149855,2022-12-14 14:00
1.437560454,2022-12-14 14:15
1.441326331,2022-12-14 14:30
1.441527061,2022-12-14 14:45
1.439169485,2022-12-14 15:00
1.435226173,2022-12-15 9:45
1.437541276,2022-12-15 10:00
1.432946198,2022-12-15 10:15
1.436529152,2022-12-15 10:30
1.439288842,2022-12-15 10:45
1.438342046,2022-12-15 11:00
1.440797826,2022-12-15 11:15
1.436340708,2022-12-15 11:30
1.436844901,2022-12-15 13:15
1.437926812,2022-12-15 13:30
1.434476921,2022-12-15 13:45
1.434585505,2022-12-15 14:00
1.431090967,2022-12-15 14:15
1.431090967,2022-12-15 14:30
1.431090967,2022-12-15 14:45
1.431090967,2022-12-15 15:00
1.431090967,2022-12-16 9:45
1.42887673,2022-12-16 10:00
1.428519743,2022-12-16 10:15
1.427652008,2022-12-16 10:30
1.429274539,2022-12-16 10:45
1.429165086,2022-12-16 11:00
1.427389102,2022-12-16 11:15
1.428805821,2022-12-16 11:30
1.42966919,2022-12-16 13:15
1.429560987,2022-12-16 13:30
1.430805609,2022-12-16 13:45
1.4306678,2022-12-16 14:00
1.431429989,2022-12-16 14:15
1.429795925,2022-12-16 14:30
1.428288842,2022-12-16 14:45
1.428826004,2022-12-16 15:00
1.416087203,2022-12-19 9:45
1.416087203,2022-12-19 10:00
1.416087203,2022-12-19 10:15
1.416087203,2022-12-19 10:30
1.416087203,2022-12-19 10:45
1.417633021,2022-12-19 11:00
1.417372227,2022-12-19 11:15
1.418320396,2022-12-19 11:30
1.419004751,2022-12-19 13:15
1.42410546,2022-12-19 13:30
1.427013459,2022-12-19 13:45
1.427948701,2022-12-19 14:00
1.4348036,2022-12-19 14:15
1.435473325,2022-12-19 14:30
1.44289392,2022-12-19 14:45
1.435628786,2022-12-19 15:00
1.447714214,2022-12-20 9:45
1.452891819,2022-12-20 10:00
1.458340413,2022-12-20 10:15
1.456563578,2022-12-20 10:30
1.452216211,2022-12-20 10:45
1.453755498,2022-12-20 11:00
1.45447663,2022-12-20 11:15
1.449244862,2022-12-20 11:30
1.458545472,2022-12-20 13:15
1.463408625,2022-12-20 13:30
1.46996854,2022-12-20 13:45
1.476722812,2022-12-20 14:00
1.47143226,2022-12-20 14:15
1.465368423,2022-12-20 14:30
1.469368961,2022-12-20 14:45
1.469542207,2022-12-20 15:00
1.471411235,2022-12-21 9:45
1.471411235,2022-12-21 10:00
1.471411235,2022-12-21 10:15
1.471411235,2022-12-21 10:30
1.471411235,2022-12-21 10:45
1.471411235,2022-12-21 11:00
1.471411235,2022-12-21 11:15
1.471411235,2022-12-21 11:30
1.471411235,2022-12-21 13:15
1.471411235,2022-12-21 13:30
1.471411235,2022-12-21 13:45
1.471411235,2022-12-21 14:00
1.471411235,2022-12-21 14:15
1.471411235,2022-12-21 14:30
1.471411235,2022-12-21 14:45
1.471411235,2022-12-21 15:00
1.471411235,2022-12-22 9:45
1.471411235,2022-12-22 10:00
1.471411235,2022-12-22 10:15
1.471411235,2022-12-22 10:30
1.471411235,2022-12-22 10:45
1.471411235,2022-12-22 11:00
1.471411235,2022-12-22 11:15
1.471411235,2022-12-22 11:30
1.471411235,2022-12-22 13:15
1.471411235,2022-12-22 13:30
1.471411235,2022-12-22 13:45
1.471411235,2022-12-22 14:00
1.471411235,2022-12-22 14:15
1.471411235,2022-12-22 14:30
1.471411235,2022-12-22 14:45
1.471411235,2022-12-22 15:00
1.471411235,2022-12-23 9:45
1.471411235,2022-12-23 10:00
1.471411235,2022-12-23 10:15
1.471411235,2022-12-23 10:30
1.471411235,2022-12-23 10:45
1.471411235,2022-12-23 11:00
1.471411235,2022-12-23 11:15
1.471411235,2022-12-23 11:30
1.471411235,2022-12-23 13:15
1.471411235,2022-12-23 13:30
1.471411235,2022-12-23 13:45
1.471411235,2022-12-23 14:00
1.471411235,2022-12-23 14:15
1.471411235,2022-12-23 14:30
1.471411235,2022-12-23 14:45
1.471411235,2022-12-23 15:00
1.471411235,2022-12-26 9:45
1.471411235,2022-12-26 10:00
1.471411235,2022-12-26 10:15
1.470807706,2022-12-26 10:30
1.470068412,2022-12-26 10:45
1.470797265,2022-12-26 11:00
1.470245871,2022-12-26 11:15
1.469794567,2022-12-26 11:30
1.469801585,2022-12-26 13:15
1.467867083,2022-12-26 13:30
1.467890034,2022-12-26 13:45
1.467652569,2022-12-26 14:00
1.4669799,2022-12-26 14:15
1.467347133,2022-12-26 14:30
1.466116387,2022-12-26 14:45
1.465641891,2022-12-26 15:00
1.461551189,2022-12-27 9:45
1.461333182,2022-12-27 10:00
1.462569504,2022-12-27 10:15
1.462892705,2022-12-27 10:30
1.461730499,2022-12-27 10:45
1.461227658,2022-12-27 11:00
1.461791474,2022-12-27 11:15
1.465050499,2022-12-27 11:30
1.467605734,2022-12-27 13:15
1.467719119,2022-12-27 13:30
1.468051359,2022-12-27 13:45
1.466453122,2022-12-27 14:00
1.465889271,2022-12-27 14:15
1.466528087,2022-12-27 14:30
1.467863531,2022-12-27 14:45
1.466424354,2022-12-27 15:00
1.463961726,2022-12-28 9:45
1.463659377,2022-12-28 10:00
1.465632029,2022-12-28 10:15
1.465883117,2022-12-28 10:30
1.465531894,2022-12-28 10:45
1.467070338,2022-12-28 11:00
1.468105144,2022-12-28 11:15
1.467404381,2022-12-28 11:30
1.462747592,2022-12-28 13:15
1.462991227,2022-12-28 13:30
1.462058215,2022-12-28 13:45
1.461032244,2022-12-28 14:00
1.461371698,2022-12-28 14:15
1.461259692,2022-12-28 14:30
1.4615965,2022-12-28 14:45
1.461227197,2022-12-28 15:00
